-- MySQL dump 10.13  Distrib 5.6.19, for osx10.7 (i386)
--
-- Host: localhost    Database: userapi
-- ------------------------------------------------------
-- Server version	5.6.23

/*!40101 SET @OLD_CHARACTER_SET_CLIENT=@@CHARACTER_SET_CLIENT */;
/*!40101 SET @OLD_CHARACTER_SET_RESULTS=@@CHARACTER_SET_RESULTS */;
/*!40101 SET @OLD_COLLATION_CONNECTION=@@COLLATION_CONNECTION */;
/*!40101 SET NAMES utf8 */;
/*!40103 SET @OLD_TIME_ZONE=@@TIME_ZONE */;
/*!40103 SET TIME_ZONE='+00:00' */;
/*!40014 SET @OLD_UNIQUE_CHECKS=@@UNIQUE_CHECKS, UNIQUE_CHECKS=0 */;
/*!40014 SET @OLD_FOREIGN_KEY_CHECKS=@@FOREIGN_KEY_CHECKS, FOREIGN_KEY_CHECKS=0 */;
/*!40101 SET @OLD_SQL_MODE=@@SQL_MODE, SQL_MODE='NO_AUTO_VALUE_ON_ZERO' */;
/*!40111 SET @OLD_SQL_NOTES=@@SQL_NOTES, SQL_NOTES=0 */;

--
-- Table structure for table `auth_group`
--

DROP TABLE IF EXISTS `auth_group`;
/*!40101 SET @saved_cs_client     = @@character_set_client */;
/*!40101 SET character_set_client = utf8 */;
CREATE TABLE `auth_group` (
  `id` int(11) NOT NULL AUTO_INCREMENT,
  `name` varchar(80) NOT NULL,
  PRIMARY KEY (`id`),
  UNIQUE KEY `name` (`name`)
) ENGINE=InnoDB DEFAULT CHARSET=latin1;
/*!40101 SET character_set_client = @saved_cs_client */;

--
-- Dumping data for table `auth_group`
--

LOCK TABLES `auth_group` WRITE;
/*!40000 ALTER TABLE `auth_group` DISABLE KEYS */;
/*!40000 ALTER TABLE `auth_group` ENABLE KEYS */;
UNLOCK TABLES;

--
-- Table structure for table `auth_group_permissions`
--

DROP TABLE IF EXISTS `auth_group_permissions`;
/*!40101 SET @saved_cs_client     = @@character_set_client */;
/*!40101 SET character_set_client = utf8 */;
CREATE TABLE `auth_group_permissions` (
  `id` int(11) NOT NULL AUTO_INCREMENT,
  `group_id` int(11) NOT NULL,
  `permission_id` int(11) NOT NULL,
  PRIMARY KEY (`id`),
  UNIQUE KEY `group_id` (`group_id`,`permission_id`),
  KEY `auth_group__permission_id_1f49ccbbdc69d2fc_fk_auth_permission_id` (`permission_id`),
  CONSTRAINT `auth_group__permission_id_1f49ccbbdc69d2fc_fk_auth_permission_id` FOREIGN KEY (`permission_id`) REFERENCES `auth_permission` (`id`),
  CONSTRAINT `auth_group_permission_group_id_689710a9a73b7457_fk_auth_group_id` FOREIGN KEY (`group_id`) REFERENCES `auth_group` (`id`)
) ENGINE=InnoDB DEFAULT CHARSET=latin1;
/*!40101 SET character_set_client = @saved_cs_client */;

--
-- Dumping data for table `auth_group_permissions`
--

LOCK TABLES `auth_group_permissions` WRITE;
/*!40000 ALTER TABLE `auth_group_permissions` DISABLE KEYS */;
/*!40000 ALTER TABLE `auth_group_permissions` ENABLE KEYS */;
UNLOCK TABLES;

--
-- Table structure for table `auth_permission`
--

DROP TABLE IF EXISTS `auth_permission`;
/*!40101 SET @saved_cs_client     = @@character_set_client */;
/*!40101 SET character_set_client = utf8 */;
CREATE TABLE `auth_permission` (
  `id` int(11) NOT NULL AUTO_INCREMENT,
  `name` varchar(255) NOT NULL,
  `content_type_id` int(11) NOT NULL,
  `codename` varchar(100) NOT NULL,
  PRIMARY KEY (`id`),
  UNIQUE KEY `content_type_id` (`content_type_id`,`codename`),
  CONSTRAINT `auth__content_type_id_508cf46651277a81_fk_django_content_type_id` FOREIGN KEY (`content_type_id`) REFERENCES `django_content_type` (`id`)
) ENGINE=InnoDB AUTO_INCREMENT=28 DEFAULT CHARSET=latin1;
/*!40101 SET character_set_client = @saved_cs_client */;

--
-- Dumping data for table `auth_permission`
--

LOCK TABLES `auth_permission` WRITE;
/*!40000 ALTER TABLE `auth_permission` DISABLE KEYS */;
INSERT INTO `auth_permission` VALUES (1,'Can add log entry',1,'add_logentry'),(2,'Can change log entry',1,'change_logentry'),(3,'Can delete log entry',1,'delete_logentry'),(4,'Can add permission',2,'add_permission'),(5,'Can change permission',2,'change_permission'),(6,'Can delete permission',2,'delete_permission'),(7,'Can add group',3,'add_group'),(8,'Can change group',3,'change_group'),(9,'Can delete group',3,'delete_group'),(10,'Can add user',4,'add_user'),(11,'Can change user',4,'change_user'),(12,'Can delete user',4,'delete_user'),(13,'Can add content type',5,'add_contenttype'),(14,'Can change content type',5,'change_contenttype'),(15,'Can delete content type',5,'delete_contenttype'),(16,'Can add session',6,'add_session'),(17,'Can change session',6,'change_session'),(18,'Can delete session',6,'delete_session'),(19,'Can add platzi user',7,'add_platziuser'),(20,'Can change platzi user',7,'change_platziuser'),(21,'Can delete platzi user',7,'delete_platziuser'),(22,'Can add token',8,'add_token'),(23,'Can change token',8,'change_token'),(24,'Can delete token',8,'delete_token'),(25,'Can add custom16 token',9,'add_custom16token'),(26,'Can change custom16 token',9,'change_custom16token'),(27,'Can delete custom16 token',9,'delete_custom16token');
/*!40000 ALTER TABLE `auth_permission` ENABLE KEYS */;
UNLOCK TABLES;

--
-- Table structure for table `auth_user`
--

DROP TABLE IF EXISTS `auth_user`;
/*!40101 SET @saved_cs_client     = @@character_set_client */;
/*!40101 SET character_set_client = utf8 */;
CREATE TABLE `auth_user` (
  `id` int(11) NOT NULL AUTO_INCREMENT,
  `password` varchar(128) NOT NULL,
  `last_login` datetime(6) DEFAULT NULL,
  `is_superuser` tinyint(1) NOT NULL,
  `username` varchar(30) NOT NULL,
  `first_name` varchar(30) NOT NULL,
  `last_name` varchar(30) NOT NULL,
  `email` varchar(254) NOT NULL,
  `is_staff` tinyint(1) NOT NULL,
  `is_active` tinyint(1) NOT NULL,
  `date_joined` datetime(6) NOT NULL,
  PRIMARY KEY (`id`),
  UNIQUE KEY `username` (`username`)
) ENGINE=InnoDB AUTO_INCREMENT=6 DEFAULT CHARSET=latin1;
/*!40101 SET character_set_client = @saved_cs_client */;

--
-- Dumping data for table `auth_user`
--

LOCK TABLES `auth_user` WRITE;
/*!40000 ALTER TABLE `auth_user` DISABLE KEYS */;
INSERT INTO `auth_user` VALUES (1,'pbkdf2_sha256$20000$YXGwfdovRDux$v2uWC35cc3wnDqI7095qdzbSCPD4d7Vv/pZ/bzpgQRw=','2015-08-17 00:41:32.010880',1,'root','','','root@root.com',1,1,'2015-08-17 00:41:13.460640'),(3,'pbkdf2_sha256$20000$5cm6zsqJg1Fv$79HnxpnAIXsglRB1EmSOdeG0ogjccuEmXLe98rQ5qYM=',NULL,0,'emailsys','','','',0,1,'2015-08-17 00:47:20.157920'),(5,'pbkdf2_sha256$20000$LAJ806aFLmIM$U9vb/RW3A3R+LxH8IGV/P0OqTR3X9BZTSoC1B2Tb0C8=',NULL,0,'testsys','','','',0,1,'2015-08-17 03:39:30.702836');
/*!40000 ALTER TABLE `auth_user` ENABLE KEYS */;
UNLOCK TABLES;

--
-- Table structure for table `auth_user_groups`
--

DROP TABLE IF EXISTS `auth_user_groups`;
/*!40101 SET @saved_cs_client     = @@character_set_client */;
/*!40101 SET character_set_client = utf8 */;
CREATE TABLE `auth_user_groups` (
  `id` int(11) NOT NULL AUTO_INCREMENT,
  `user_id` int(11) NOT NULL,
  `group_id` int(11) NOT NULL,
  PRIMARY KEY (`id`),
  UNIQUE KEY `user_id` (`user_id`,`group_id`),
  KEY `auth_user_groups_group_id_33ac548dcf5f8e37_fk_auth_group_id` (`group_id`),
  CONSTRAINT `auth_user_groups_group_id_33ac548dcf5f8e37_fk_auth_group_id` FOREIGN KEY (`group_id`) REFERENCES `auth_group` (`id`),
  CONSTRAINT `auth_user_groups_user_id_4b5ed4ffdb8fd9b0_fk_auth_user_id` FOREIGN KEY (`user_id`) REFERENCES `auth_user` (`id`)
) ENGINE=InnoDB DEFAULT CHARSET=latin1;
/*!40101 SET character_set_client = @saved_cs_client */;

--
-- Dumping data for table `auth_user_groups`
--

LOCK TABLES `auth_user_groups` WRITE;
/*!40000 ALTER TABLE `auth_user_groups` DISABLE KEYS */;
/*!40000 ALTER TABLE `auth_user_groups` ENABLE KEYS */;
UNLOCK TABLES;

--
-- Table structure for table `auth_user_user_permissions`
--

DROP TABLE IF EXISTS `auth_user_user_permissions`;
/*!40101 SET @saved_cs_client     = @@character_set_client */;
/*!40101 SET character_set_client = utf8 */;
CREATE TABLE `auth_user_user_permissions` (
  `id` int(11) NOT NULL AUTO_INCREMENT,
  `user_id` int(11) NOT NULL,
  `permission_id` int(11) NOT NULL,
  PRIMARY KEY (`id`),
  UNIQUE KEY `user_id` (`user_id`,`permission_id`),
  KEY `auth_user_u_permission_id_384b62483d7071f0_fk_auth_permission_id` (`permission_id`),
  CONSTRAINT `auth_user_u_permission_id_384b62483d7071f0_fk_auth_permission_id` FOREIGN KEY (`permission_id`) REFERENCES `auth_permission` (`id`),
  CONSTRAINT `auth_user_user_permissi_user_id_7f0938558328534a_fk_auth_user_id` FOREIGN KEY (`user_id`) REFERENCES `auth_user` (`id`)
) ENGINE=InnoDB DEFAULT CHARSET=latin1;
/*!40101 SET character_set_client = @saved_cs_client */;

--
-- Dumping data for table `auth_user_user_permissions`
--

LOCK TABLES `auth_user_user_permissions` WRITE;
/*!40000 ALTER TABLE `auth_user_user_permissions` DISABLE KEYS */;
/*!40000 ALTER TABLE `auth_user_user_permissions` ENABLE KEYS */;
UNLOCK TABLES;

--
-- Table structure for table `django_admin_log`
--

DROP TABLE IF EXISTS `django_admin_log`;
/*!40101 SET @saved_cs_client     = @@character_set_client */;
/*!40101 SET character_set_client = utf8 */;
CREATE TABLE `django_admin_log` (
  `id` int(11) NOT NULL AUTO_INCREMENT,
  `action_time` datetime(6) NOT NULL,
  `object_id` longtext,
  `object_repr` varchar(200) NOT NULL,
  `action_flag` smallint(5) unsigned NOT NULL,
  `change_message` longtext NOT NULL,
  `content_type_id` int(11) DEFAULT NULL,
  `user_id` int(11) NOT NULL,
  PRIMARY KEY (`id`),
  KEY `djang_content_type_id_697914295151027a_fk_django_content_type_id` (`content_type_id`),
  KEY `django_admin_log_user_id_52fdd58701c5f563_fk_auth_user_id` (`user_id`),
  CONSTRAINT `djang_content_type_id_697914295151027a_fk_django_content_type_id` FOREIGN KEY (`content_type_id`) REFERENCES `django_content_type` (`id`),
  CONSTRAINT `django_admin_log_user_id_52fdd58701c5f563_fk_auth_user_id` FOREIGN KEY (`user_id`) REFERENCES `auth_user` (`id`)
) ENGINE=InnoDB AUTO_INCREMENT=8 DEFAULT CHARSET=latin1;
/*!40101 SET character_set_client = @saved_cs_client */;

--
-- Dumping data for table `django_admin_log`
--

LOCK TABLES `django_admin_log` WRITE;
/*!40000 ALTER TABLE `django_admin_log` DISABLE KEYS */;
INSERT INTO `django_admin_log` VALUES (1,'2015-08-17 00:41:56.255028','2','email-system',1,'',4,1),(2,'2015-08-17 00:42:00.277159','2','email-system',2,'No fields changed.',4,1),(3,'2015-08-17 00:46:24.450170','2','email-system',2,'No fields changed.',4,1),(4,'2015-08-17 00:46:55.864134','2','email-system',2,'No fields changed.',4,1),(5,'2015-08-17 00:47:20.189109','3','emailsys',1,'',4,1),(6,'2015-08-17 00:47:37.332219','2','email-system',3,'',4,1),(7,'2015-08-17 03:39:30.735372','5','testsys',1,'',4,1);
/*!40000 ALTER TABLE `django_admin_log` ENABLE KEYS */;
UNLOCK TABLES;

--
-- Table structure for table `django_content_type`
--

DROP TABLE IF EXISTS `django_content_type`;
/*!40101 SET @saved_cs_client     = @@character_set_client */;
/*!40101 SET character_set_client = utf8 */;
CREATE TABLE `django_content_type` (
  `id` int(11) NOT NULL AUTO_INCREMENT,
  `app_label` varchar(100) NOT NULL,
  `model` varchar(100) NOT NULL,
  PRIMARY KEY (`id`),
  UNIQUE KEY `django_content_type_app_label_45f3b1d93ec8c61c_uniq` (`app_label`,`model`)
) ENGINE=InnoDB AUTO_INCREMENT=10 DEFAULT CHARSET=latin1;
/*!40101 SET character_set_client = @saved_cs_client */;

--
-- Dumping data for table `django_content_type`
--

LOCK TABLES `django_content_type` WRITE;
/*!40000 ALTER TABLE `django_content_type` DISABLE KEYS */;
INSERT INTO `django_content_type` VALUES (1,'admin','logentry'),(3,'auth','group'),(2,'auth','permission'),(4,'auth','user'),(8,'authtoken','token'),(5,'contenttypes','contenttype'),(7,'platzi_users','platziuser'),(6,'sessions','session'),(9,'tokens','custom16token');
/*!40000 ALTER TABLE `django_content_type` ENABLE KEYS */;
UNLOCK TABLES;

--
-- Table structure for table `django_migrations`
--

DROP TABLE IF EXISTS `django_migrations`;
/*!40101 SET @saved_cs_client     = @@character_set_client */;
/*!40101 SET character_set_client = utf8 */;
CREATE TABLE `django_migrations` (
  `id` int(11) NOT NULL AUTO_INCREMENT,
  `app` varchar(255) NOT NULL,
  `name` varchar(255) NOT NULL,
  `applied` datetime(6) NOT NULL,
  PRIMARY KEY (`id`)
) ENGINE=InnoDB AUTO_INCREMENT=14 DEFAULT CHARSET=latin1;
/*!40101 SET character_set_client = @saved_cs_client */;

--
-- Dumping data for table `django_migrations`
--

LOCK TABLES `django_migrations` WRITE;
/*!40000 ALTER TABLE `django_migrations` DISABLE KEYS */;
INSERT INTO `django_migrations` VALUES (1,'contenttypes','0001_initial','2015-08-16 23:49:07.914082'),(2,'auth','0001_initial','2015-08-16 23:49:08.131621'),(3,'admin','0001_initial','2015-08-16 23:49:08.199696'),(4,'contenttypes','0002_remove_content_type_name','2015-08-16 23:49:08.293793'),(5,'auth','0002_alter_permission_name_max_length','2015-08-16 23:49:08.343431'),(6,'auth','0003_alter_user_email_max_length','2015-08-16 23:49:08.380813'),(7,'auth','0004_alter_user_username_opts','2015-08-16 23:49:08.395860'),(8,'auth','0005_alter_user_last_login_null','2015-08-16 23:49:08.441692'),(9,'auth','0006_require_contenttypes_0002','2015-08-16 23:49:08.444370'),(10,'platzi_users','0001_initial','2015-08-16 23:49:08.478887'),(11,'sessions','0001_initial','2015-08-16 23:49:08.526880'),(12,'authtoken','0001_initial','2015-08-17 00:30:51.261025'),(13,'tokens','0001_initial','2015-08-17 03:15:24.049360');
/*!40000 ALTER TABLE `django_migrations` ENABLE KEYS */;
UNLOCK TABLES;

--
-- Table structure for table `django_session`
--

DROP TABLE IF EXISTS `django_session`;
/*!40101 SET @saved_cs_client     = @@character_set_client */;
/*!40101 SET character_set_client = utf8 */;
CREATE TABLE `django_session` (
  `session_key` varchar(40) NOT NULL,
  `session_data` longtext NOT NULL,
  `expire_date` datetime(6) NOT NULL,
  PRIMARY KEY (`session_key`),
  KEY `django_session_de54fa62` (`expire_date`)
) ENGINE=InnoDB DEFAULT CHARSET=latin1;
/*!40101 SET character_set_client = @saved_cs_client */;

--
-- Dumping data for table `django_session`
--

LOCK TABLES `django_session` WRITE;
/*!40000 ALTER TABLE `django_session` DISABLE KEYS */;
INSERT INTO `django_session` VALUES ('puri1m7kwk8t80gm7tqnvfdf3u86x1gp','ZWNmNjE4ZjdjOGJkMDZkOWQ4MGViM2E3ZmI4MjgxNmFjNmI3NGYxNDp7Il9hdXRoX3VzZXJfaGFzaCI6ImU0NTJhMTQ3MDdiMjExMjNkYjE3YjllODVkMjdiMzlmNjEwMTNiMGYiLCJfYXV0aF91c2VyX2JhY2tlbmQiOiJkamFuZ28uY29udHJpYi5hdXRoLmJhY2tlbmRzLk1vZGVsQmFja2VuZCIsIl9hdXRoX3VzZXJfaWQiOiIxIn0=','2015-08-31 00:41:32.013873');
/*!40000 ALTER TABLE `django_session` ENABLE KEYS */;
UNLOCK TABLES;

--
-- Table structure for table `platzi_users_platziuser`
--

DROP TABLE IF EXISTS `platzi_users_platziuser`;
/*!40101 SET @saved_cs_client     = @@character_set_client */;
/*!40101 SET character_set_client = utf8 */;
CREATE TABLE `platzi_users_platziuser` (
  `id` int(11) NOT NULL AUTO_INCREMENT,
  `username` varchar(30) NOT NULL,
  `email` varchar(100) NOT NULL,
  `date_joined` datetime(6) NOT NULL,
  `last_login` datetime(6) NOT NULL,
  PRIMARY KEY (`id`)
) ENGINE=InnoDB AUTO_INCREMENT=1001 DEFAULT CHARSET=latin1;
/*!40101 SET character_set_client = @saved_cs_client */;

--
-- Dumping data for table `platzi_users_platziuser`
--

LOCK TABLES `platzi_users_platziuser` WRITE;
/*!40000 ALTER TABLE `platzi_users_platziuser` DISABLE KEYS */;
INSERT INTO `platzi_users_platziuser` VALUES (1,'example1','example1@example.com','2015-04-16 12:21:23.323047','2015-04-16 12:21:23.323105'),(2,'example2','example2@example.com','2015-04-16 12:21:23.323145','2015-04-16 12:21:23.323164'),(3,'example3','example3@example.com','2015-04-16 12:21:23.323180','2015-04-16 12:21:23.323190'),(4,'example4','example4@example.com','2015-04-16 12:21:23.323205','2015-04-16 12:21:23.323215'),(5,'example5','example5@example.com','2015-04-16 12:21:23.323229','2015-04-16 12:21:23.323239'),(6,'example6','example6@example.com','2015-04-16 12:21:23.323254','2015-04-16 12:21:23.323264'),(7,'example7','example7@example.com','2015-04-16 12:21:23.323278','2015-04-16 12:21:23.323287'),(8,'example8','example8@example.com','2015-04-16 12:21:23.323301','2015-04-16 12:21:23.323310'),(9,'example9','example9@example.com','2015-04-16 12:21:23.323324','2015-04-16 12:21:23.323334'),(10,'example10','example10@example.com','2015-04-16 12:21:23.323349','2015-04-16 12:21:23.323359'),(11,'example11','example11@example.com','2015-04-16 12:21:23.323372','2015-04-16 12:21:23.323382'),(12,'example12','example12@example.com','2015-04-16 12:21:23.323395','2015-04-16 12:21:23.323405'),(13,'example13','example13@example.com','2015-04-16 12:21:23.323443','2015-04-16 12:21:23.323464'),(14,'example14','example14@example.com','2015-04-16 12:21:23.323499','2015-04-16 12:21:23.323520'),(15,'example15','example15@example.com','2015-04-16 12:21:23.323547','2015-04-16 12:21:23.323566'),(16,'example16','example16@example.com','2015-04-16 12:21:23.323588','2015-04-16 12:21:23.323620'),(17,'example17','example17@example.com','2015-04-16 12:21:23.323647','2015-04-16 12:21:23.323667'),(18,'example18','example18@example.com','2015-04-16 12:21:23.323694','2015-04-16 12:21:23.323713'),(19,'example19','example19@example.com','2015-04-16 12:21:23.323739','2015-04-16 12:21:23.323760'),(20,'example20','example20@example.com','2015-04-16 12:21:23.323780','2015-04-16 12:21:23.323790'),(21,'example21','example21@example.com','2015-04-16 12:21:23.323803','2015-04-16 12:21:23.323813'),(22,'example22','example22@example.com','2015-04-16 12:21:23.323826','2015-04-16 12:21:23.323836'),(23,'example23','example23@example.com','2015-04-16 12:21:23.323849','2015-04-16 12:21:23.323859'),(24,'example24','example24@example.com','2015-04-16 12:21:23.323882','2015-04-16 12:21:23.323893'),(25,'example25','example25@example.com','2015-04-16 12:21:23.323907','2015-04-16 12:21:23.323917'),(26,'example26','example26@example.com','2015-04-16 12:21:23.323931','2015-04-16 12:21:23.323940'),(27,'example27','example27@example.com','2015-04-16 12:21:23.323956','2015-04-16 12:21:23.323966'),(28,'example28','example28@example.com','2015-04-16 12:21:23.323992','2015-04-16 12:21:23.324003'),(29,'example29','example29@example.com','2015-04-16 12:21:23.324018','2015-04-16 12:21:23.324027'),(30,'example30','example30@example.com','2015-04-16 12:21:23.324041','2015-04-16 12:21:23.324050'),(31,'example31','example31@example.com','2015-04-16 12:21:23.324064','2015-04-16 12:21:23.324073'),(32,'example32','example32@example.com','2015-04-16 12:21:23.324087','2015-04-16 12:21:23.324096'),(33,'example33','example33@example.com','2015-04-16 12:21:23.324110','2015-04-16 12:21:23.324120'),(34,'example34','example34@example.com','2015-04-16 12:21:23.324133','2015-04-16 12:21:23.324143'),(35,'example35','example35@example.com','2015-04-16 12:21:23.324160','2015-04-16 12:21:23.324171'),(36,'example36','example36@example.com','2015-04-16 12:21:23.324185','2015-04-16 12:21:23.324195'),(37,'example37','example37@example.com','2015-04-16 12:21:23.324209','2015-04-16 12:21:23.324219'),(38,'example38','example38@example.com','2015-04-16 12:21:23.324233','2015-04-16 12:21:23.324242'),(39,'example39','example39@example.com','2015-04-16 12:21:23.324256','2015-04-16 12:21:23.324265'),(40,'example40','example40@example.com','2015-04-16 12:21:23.324283','2015-04-16 12:21:23.324294'),(41,'example41','example41@example.com','2015-04-16 12:21:23.324308','2015-04-16 12:21:23.324317'),(42,'example42','example42@example.com','2015-04-16 12:21:23.324331','2015-04-16 12:21:23.324340'),(43,'example43','example43@example.com','2015-04-16 12:21:23.324354','2015-04-16 12:21:23.324363'),(44,'example44','example44@example.com','2015-04-16 12:21:23.324377','2015-04-16 12:21:23.324387'),(45,'example45','example45@example.com','2015-04-16 12:21:23.324400','2015-04-16 12:21:23.324409'),(46,'example46','example46@example.com','2015-04-16 12:21:23.324423','2015-04-16 12:21:23.324432'),(47,'example47','example47@example.com','2015-04-16 12:21:23.324446','2015-04-16 12:21:23.324455'),(48,'example48','example48@example.com','2015-04-16 12:21:23.324469','2015-04-16 12:21:23.324479'),(49,'example49','example49@example.com','2015-04-16 12:21:23.324493','2015-04-16 12:21:23.324502'),(50,'example50','example50@example.com','2015-04-16 12:21:23.324516','2015-04-16 12:21:23.324525'),(51,'example51','example51@example.com','2015-04-16 12:21:23.324539','2015-04-16 12:21:23.324548'),(52,'example52','example52@example.com','2015-04-16 12:21:23.324561','2015-04-16 12:21:23.324571'),(53,'example53','example53@example.com','2015-04-16 12:21:23.324584','2015-04-16 12:21:23.324594'),(54,'example54','example54@example.com','2015-04-16 12:21:23.324608','2015-04-16 12:21:23.324617'),(55,'example55','example55@example.com','2015-04-16 12:21:23.324630','2015-04-16 12:21:23.324640'),(56,'example56','example56@example.com','2015-04-16 12:21:23.324653','2015-04-16 12:21:23.324663'),(57,'example57','example57@example.com','2015-04-16 12:21:23.324676','2015-04-16 12:21:23.324686'),(58,'example58','example58@example.com','2015-04-16 12:21:23.324699','2015-04-16 12:21:23.324709'),(59,'example59','example59@example.com','2015-04-16 12:21:23.324723','2015-04-16 12:21:23.324732'),(60,'example60','example60@example.com','2015-04-16 12:21:23.324751','2015-04-16 12:21:23.324762'),(61,'example61','example61@example.com','2015-04-16 12:21:23.324775','2015-04-16 12:21:23.324785'),(62,'example62','example62@example.com','2015-04-16 12:21:23.324799','2015-04-16 12:21:23.324808'),(63,'example63','example63@example.com','2015-04-16 12:21:23.324822','2015-04-16 12:21:23.324832'),(64,'example64','example64@example.com','2015-04-16 12:21:23.324845','2015-04-16 12:21:23.324855'),(65,'example65','example65@example.com','2015-04-16 12:21:23.324868','2015-04-16 12:21:23.324887'),(66,'example66','example66@example.com','2015-04-16 12:21:23.324902','2015-04-16 12:21:23.324912'),(67,'example67','example67@example.com','2015-04-16 12:21:23.324925','2015-04-16 12:21:23.324935'),(68,'example68','example68@example.com','2015-04-16 12:21:23.324948','2015-04-16 12:21:23.324958'),(69,'example69','example69@example.com','2015-04-16 12:21:23.324971','2015-04-16 12:21:23.324981'),(70,'example70','example70@example.com','2015-04-16 12:21:23.324995','2015-04-16 12:21:23.325005'),(71,'example71','example71@example.com','2015-04-16 12:21:23.325018','2015-04-16 12:21:23.325028'),(72,'example72','example72@example.com','2015-04-16 12:21:23.325041','2015-04-16 12:21:23.325050'),(73,'example73','example73@example.com','2015-04-16 12:21:23.325064','2015-04-16 12:21:23.325073'),(74,'example74','example74@example.com','2015-04-16 12:21:23.325088','2015-04-16 12:21:23.325098'),(75,'example75','example75@example.com','2015-04-16 12:21:23.325111','2015-04-16 12:21:23.325121'),(76,'example76','example76@example.com','2015-04-16 12:21:23.325134','2015-04-16 12:21:23.325144'),(77,'example77','example77@example.com','2015-04-16 12:21:23.325157','2015-04-16 12:21:23.325167'),(78,'example78','example78@example.com','2015-04-16 12:21:23.325180','2015-04-16 12:21:23.325190'),(79,'example79','example79@example.com','2015-04-16 12:21:23.325203','2015-04-16 12:21:23.325213'),(80,'example80','example80@example.com','2015-04-16 12:21:23.325226','2015-04-16 12:21:23.325236'),(81,'example81','example81@example.com','2015-04-16 12:21:23.325249','2015-04-16 12:21:23.325259'),(82,'example82','example82@example.com','2015-04-16 12:21:23.325272','2015-04-16 12:21:23.325282'),(83,'example83','example83@example.com','2015-04-16 12:21:23.325295','2015-04-16 12:21:23.325305'),(84,'example84','example84@example.com','2015-04-16 12:21:23.325318','2015-04-16 12:21:23.325328'),(85,'example85','example85@example.com','2015-04-16 12:21:23.325341','2015-04-16 12:21:23.325351'),(86,'example86','example86@example.com','2015-04-16 12:21:23.325364','2015-04-16 12:21:23.325374'),(87,'example87','example87@example.com','2015-04-16 12:21:23.325387','2015-04-16 12:21:23.325397'),(88,'example88','example88@example.com','2015-04-16 12:21:23.325410','2015-04-16 12:21:23.325420'),(89,'example89','example89@example.com','2015-04-16 12:21:23.325433','2015-04-16 12:21:23.325443'),(90,'example90','example90@example.com','2015-04-16 12:21:23.325457','2015-04-16 12:21:23.325467'),(91,'example91','example91@example.com','2015-04-16 12:21:23.325484','2015-04-16 12:21:23.325495'),(92,'example92','example92@example.com','2015-04-16 12:21:23.325509','2015-04-16 12:21:23.325519'),(93,'example93','example93@example.com','2015-04-16 12:21:23.325532','2015-04-16 12:21:23.325542'),(94,'example94','example94@example.com','2015-04-16 12:21:23.325555','2015-04-16 12:21:23.325565'),(95,'example95','example95@example.com','2015-04-16 12:21:23.325579','2015-04-16 12:21:23.325589'),(96,'example96','example96@example.com','2015-04-16 12:21:23.325602','2015-04-16 12:21:23.325612'),(97,'example97','example97@example.com','2015-04-16 12:21:23.325625','2015-04-16 12:21:23.325635'),(98,'example98','example98@example.com','2015-04-16 12:21:23.325652','2015-04-16 12:21:23.325662'),(99,'example99','example99@example.com','2015-04-16 12:21:23.325676','2015-04-16 12:21:23.325686'),(100,'example100','example100@example.com','2015-04-16 12:21:23.325700','2015-04-16 12:21:23.325709'),(101,'example101','example101@example.com','2015-04-16 12:21:23.325723','2015-04-16 12:21:23.325732'),(102,'example102','example102@example.com','2015-04-16 12:21:23.325746','2015-04-16 12:21:23.325755'),(103,'example103','example103@example.com','2015-04-16 12:21:23.325769','2015-04-16 12:21:23.325778'),(104,'example104','example104@example.com','2015-04-16 12:21:23.325792','2015-04-16 12:21:23.325802'),(105,'example105','example105@example.com','2015-04-16 12:21:23.325815','2015-04-16 12:21:23.325825'),(106,'example106','example106@example.com','2015-04-16 12:21:23.325842','2015-04-16 12:21:23.325852'),(107,'example107','example107@example.com','2015-04-16 12:21:23.325866','2015-04-16 12:21:23.325882'),(108,'example108','example108@example.com','2015-04-16 12:21:23.325899','2015-04-16 12:21:23.325909'),(109,'example109','example109@example.com','2015-04-16 12:21:23.325923','2015-04-16 12:21:23.325933'),(110,'example110','example110@example.com','2015-04-16 12:21:23.325946','2015-04-16 12:21:23.325956'),(111,'example111','example111@example.com','2015-04-16 12:21:23.325970','2015-04-16 12:21:23.325980'),(112,'example112','example112@example.com','2015-04-16 12:21:23.325998','2015-04-16 12:21:23.326008'),(113,'example113','example113@example.com','2015-04-16 12:21:23.326022','2015-04-16 12:21:23.326031'),(114,'example114','example114@example.com','2015-04-16 12:21:23.326045','2015-04-16 12:21:23.326054'),(115,'example115','example115@example.com','2015-04-16 12:21:23.326068','2015-04-16 12:21:23.326078'),(116,'example116','example116@example.com','2015-04-16 12:21:23.326091','2015-04-16 12:21:23.326101'),(117,'example117','example117@example.com','2015-04-16 12:21:23.326114','2015-04-16 12:21:23.326124'),(118,'example118','example118@example.com','2015-04-16 12:21:23.326137','2015-04-16 12:21:23.326147'),(119,'example119','example119@example.com','2015-04-16 12:21:23.326160','2015-04-16 12:21:23.326170'),(120,'example120','example120@example.com','2015-04-16 12:21:23.326183','2015-04-16 12:21:23.326193'),(121,'example121','example121@example.com','2015-04-16 12:21:23.326206','2015-04-16 12:21:23.326216'),(122,'example122','example122@example.com','2015-04-16 12:21:23.326229','2015-04-16 12:21:23.326239'),(123,'example123','example123@example.com','2015-04-16 12:21:23.326252','2015-04-16 12:21:23.326262'),(124,'example124','example124@example.com','2015-04-16 12:21:23.326275','2015-04-16 12:21:23.326285'),(125,'example125','example125@example.com','2015-04-16 12:21:23.326298','2015-04-16 12:21:23.326308'),(126,'example126','example126@example.com','2015-04-16 12:21:23.326321','2015-04-16 12:21:23.326331'),(127,'example127','example127@example.com','2015-04-16 12:21:23.326344','2015-04-16 12:21:23.326354'),(128,'example128','example128@example.com','2015-04-16 12:21:23.326368','2015-04-16 12:21:23.326377'),(129,'example129','example129@example.com','2015-04-16 12:21:23.326390','2015-04-16 12:21:23.326400'),(130,'example130','example130@example.com','2015-04-16 12:21:23.326414','2015-04-16 12:21:23.326423'),(131,'example131','example131@example.com','2015-04-16 12:21:23.326437','2015-04-16 12:21:23.326446'),(132,'example132','example132@example.com','2015-04-16 12:21:23.326460','2015-04-16 12:21:23.326469'),(133,'example133','example133@example.com','2015-04-16 12:21:23.326483','2015-04-16 12:21:23.326493'),(134,'example134','example134@example.com','2015-04-16 12:21:23.326506','2015-04-16 12:21:23.326516'),(135,'example135','example135@example.com','2015-04-16 12:21:23.326529','2015-04-16 12:21:23.326539'),(136,'example136','example136@example.com','2015-04-16 12:21:23.326552','2015-04-16 12:21:23.326562'),(137,'example137','example137@example.com','2015-04-16 12:21:23.326575','2015-04-16 12:21:23.326585'),(138,'example138','example138@example.com','2015-04-16 12:21:23.326598','2015-04-16 12:21:23.326608'),(139,'example139','example139@example.com','2015-04-16 12:21:23.326621','2015-04-16 12:21:23.326631'),(140,'example140','example140@example.com','2015-04-16 12:21:23.326644','2015-04-16 12:21:23.326654'),(141,'example141','example141@example.com','2015-04-16 12:21:23.326671','2015-04-16 12:21:23.326682'),(142,'example142','example142@example.com','2015-04-16 12:21:23.326696','2015-04-16 12:21:23.326706'),(143,'example143','example143@example.com','2015-04-16 12:21:23.326719','2015-04-16 12:21:23.326741'),(144,'example144','example144@example.com','2015-04-16 12:21:23.326767','2015-04-16 12:21:23.326787'),(145,'example145','example145@example.com','2015-04-16 12:21:23.326814','2015-04-16 12:21:23.326835'),(146,'example146','example146@example.com','2015-04-16 12:21:23.326861','2015-04-16 12:21:23.326882'),(147,'example147','example147@example.com','2015-04-16 12:21:23.327197','2015-04-16 12:21:23.327221'),(148,'example148','example148@example.com','2015-04-16 12:21:23.327249','2015-04-16 12:21:23.327268'),(149,'example149','example149@example.com','2015-04-16 12:21:23.327291','2015-04-16 12:21:23.327309'),(150,'example150','example150@example.com','2015-04-16 12:21:23.327335','2015-04-16 12:21:23.327351'),(151,'example151','example151@example.com','2015-04-16 12:21:23.327364','2015-04-16 12:21:23.327374'),(152,'example152','example152@example.com','2015-04-16 12:21:23.327391','2015-04-16 12:21:23.327401'),(153,'example153','example153@example.com','2015-04-16 12:21:23.327414','2015-04-16 12:21:23.327423'),(154,'example154','example154@example.com','2015-04-16 12:21:23.327436','2015-04-16 12:21:23.327445'),(155,'example155','example155@example.com','2015-04-16 12:21:23.327457','2015-04-16 12:21:23.327467'),(156,'example156','example156@example.com','2015-04-16 12:21:23.327479','2015-04-16 12:21:23.327488'),(157,'example157','example157@example.com','2015-04-16 12:21:23.327500','2015-04-16 12:21:23.327510'),(158,'example158','example158@example.com','2015-04-16 12:21:23.327522','2015-04-16 12:21:23.327531'),(159,'example159','example159@example.com','2015-04-16 12:21:23.327543','2015-04-16 12:21:23.327552'),(160,'example160','example160@example.com','2015-04-16 12:21:23.327565','2015-04-16 12:21:23.327574'),(161,'example161','example161@example.com','2015-04-16 12:21:23.327590','2015-04-16 12:21:23.327600'),(162,'example162','example162@example.com','2015-04-16 12:21:23.327612','2015-04-16 12:21:23.327621'),(163,'example163','example163@example.com','2015-04-16 12:21:23.327634','2015-04-16 12:21:23.327643'),(164,'example164','example164@example.com','2015-04-16 12:21:23.327655','2015-04-16 12:21:23.327664'),(165,'example165','example165@example.com','2015-04-16 12:21:23.327677','2015-04-16 12:21:23.327686'),(166,'example166','example166@example.com','2015-04-16 12:21:23.327698','2015-04-16 12:21:23.327707'),(167,'example167','example167@example.com','2015-04-16 12:21:23.327719','2015-04-16 12:21:23.327728'),(168,'example168','example168@example.com','2015-04-16 12:21:23.327741','2015-04-16 12:21:23.327750'),(169,'example169','example169@example.com','2015-04-16 12:21:23.327762','2015-04-16 12:21:23.327771'),(170,'example170','example170@example.com','2015-04-16 12:21:23.327784','2015-04-16 12:21:23.327793'),(171,'example171','example171@example.com','2015-04-16 12:21:23.327805','2015-04-16 12:21:23.327814'),(172,'example172','example172@example.com','2015-04-16 12:21:23.327826','2015-04-16 12:21:23.327835'),(173,'example173','example173@example.com','2015-04-16 12:21:23.327848','2015-04-16 12:21:23.327857'),(174,'example174','example174@example.com','2015-04-16 12:21:23.327869','2015-04-16 12:21:23.327888'),(175,'example175','example175@example.com','2015-04-16 12:21:23.327902','2015-04-16 12:21:23.327911'),(176,'example176','example176@example.com','2015-04-16 12:21:23.327924','2015-04-16 12:21:23.327933'),(177,'example177','example177@example.com','2015-04-16 12:21:23.327945','2015-04-16 12:21:23.327954'),(178,'example178','example178@example.com','2015-04-16 12:21:23.327967','2015-04-16 12:21:23.327975'),(179,'example179','example179@example.com','2015-04-16 12:21:23.327988','2015-04-16 12:21:23.327997'),(180,'example180','example180@example.com','2015-04-16 12:21:23.328009','2015-04-16 12:21:23.328018'),(181,'example181','example181@example.com','2015-04-16 12:21:23.328031','2015-04-16 12:21:23.328040'),(182,'example182','example182@example.com','2015-04-16 12:21:23.328052','2015-04-16 12:21:23.328061'),(183,'example183','example183@example.com','2015-04-16 12:21:23.328073','2015-04-16 12:21:23.328082'),(184,'example184','example184@example.com','2015-04-16 12:21:23.328095','2015-04-16 12:21:23.328104'),(185,'example185','example185@example.com','2015-04-16 12:21:23.328116','2015-04-16 12:21:23.328125'),(186,'example186','example186@example.com','2015-04-16 12:21:23.328138','2015-04-16 12:21:23.328147'),(187,'example187','example187@example.com','2015-04-16 12:21:23.328159','2015-04-16 12:21:23.328168'),(188,'example188','example188@example.com','2015-04-16 12:21:23.328180','2015-04-16 12:21:23.328189'),(189,'example189','example189@example.com','2015-04-16 12:21:23.328202','2015-04-16 12:21:23.328211'),(190,'example190','example190@example.com','2015-04-16 12:21:23.328223','2015-04-16 12:21:23.328232'),(191,'example191','example191@example.com','2015-04-16 12:21:23.328245','2015-04-16 12:21:23.328254'),(192,'example192','example192@example.com','2015-04-16 12:21:23.328270','2015-04-16 12:21:23.328280'),(193,'example193','example193@example.com','2015-04-16 12:21:23.328294','2015-04-16 12:21:23.328303'),(194,'example194','example194@example.com','2015-04-16 12:21:23.328315','2015-04-16 12:21:23.328324'),(195,'example195','example195@example.com','2015-04-16 12:21:23.328337','2015-04-16 12:21:23.328347'),(196,'example196','example196@example.com','2015-04-16 12:21:23.328363','2015-04-16 12:21:23.328373'),(197,'example197','example197@example.com','2015-04-16 12:21:23.328386','2015-04-16 12:21:23.328395'),(198,'example198','example198@example.com','2015-04-16 12:21:23.328411','2015-04-16 12:21:23.328420'),(199,'example199','example199@example.com','2015-04-16 12:21:23.328433','2015-04-16 12:21:23.328442'),(200,'example200','example200@example.com','2015-04-16 12:21:23.328454','2015-04-16 12:21:23.328464'),(201,'example201','example201@example.com','2015-04-16 12:21:23.328476','2015-04-16 12:21:23.328485'),(202,'example202','example202@example.com','2015-04-16 12:21:23.328498','2015-04-16 12:21:23.328507'),(203,'example203','example203@example.com','2015-04-16 12:21:23.328519','2015-04-16 12:21:23.328528'),(204,'example204','example204@example.com','2015-04-16 12:21:23.328541','2015-04-16 12:21:23.328549'),(205,'example205','example205@example.com','2015-04-16 12:21:23.328562','2015-04-16 12:21:23.328571'),(206,'example206','example206@example.com','2015-04-16 12:21:23.328583','2015-04-16 12:21:23.328592'),(207,'example207','example207@example.com','2015-04-16 12:21:23.328604','2015-04-16 12:21:23.328613'),(208,'example208','example208@example.com','2015-04-16 12:21:23.328626','2015-04-16 12:21:23.328635'),(209,'example209','example209@example.com','2015-04-16 12:21:23.328647','2015-04-16 12:21:23.328656'),(210,'example210','example210@example.com','2015-04-16 12:21:23.328668','2015-04-16 12:21:23.328677'),(211,'example211','example211@example.com','2015-04-16 12:21:23.328690','2015-04-16 12:21:23.328699'),(212,'example212','example212@example.com','2015-04-16 12:21:23.328711','2015-04-16 12:21:23.328720'),(213,'example213','example213@example.com','2015-04-16 12:21:23.328733','2015-04-16 12:21:23.328742'),(214,'example214','example214@example.com','2015-04-16 12:21:23.328754','2015-04-16 12:21:23.328763'),(215,'example215','example215@example.com','2015-04-16 12:21:23.328779','2015-04-16 12:21:23.328796'),(216,'example216','example216@example.com','2015-04-16 12:21:23.328821','2015-04-16 12:21:23.328839'),(217,'example217','example217@example.com','2015-04-16 12:21:23.328853','2015-04-16 12:21:23.328862'),(218,'example218','example218@example.com','2015-04-16 12:21:23.328883','2015-04-16 12:21:23.328914'),(219,'example219','example219@example.com','2015-04-16 12:21:23.328951','2015-04-16 12:21:23.328963'),(220,'example220','example220@example.com','2015-04-16 12:21:23.328976','2015-04-16 12:21:23.328985'),(221,'example221','example221@example.com','2015-04-16 12:21:23.328998','2015-04-16 12:21:23.329007'),(222,'example222','example222@example.com','2015-04-16 12:21:23.329020','2015-04-16 12:21:23.329029'),(223,'example223','example223@example.com','2015-04-16 12:21:23.329041','2015-04-16 12:21:23.329050'),(224,'example224','example224@example.com','2015-04-16 12:21:23.329069','2015-04-16 12:21:23.329079'),(225,'example225','example225@example.com','2015-04-16 12:21:23.329092','2015-04-16 12:21:23.329101'),(226,'example226','example226@example.com','2015-04-16 12:21:23.329114','2015-04-16 12:21:23.329123'),(227,'example227','example227@example.com','2015-04-16 12:21:23.329135','2015-04-16 12:21:23.329144'),(228,'example228','example228@example.com','2015-04-16 12:21:23.329157','2015-04-16 12:21:23.329166'),(229,'example229','example229@example.com','2015-04-16 12:21:23.329178','2015-04-16 12:21:23.329187'),(230,'example230','example230@example.com','2015-04-16 12:21:23.329199','2015-04-16 12:21:23.329208'),(231,'example231','example231@example.com','2015-04-16 12:21:23.329221','2015-04-16 12:21:23.329230'),(232,'example232','example232@example.com','2015-04-16 12:21:23.329243','2015-04-16 12:21:23.329252'),(233,'example233','example233@example.com','2015-04-16 12:21:23.329264','2015-04-16 12:21:23.329273'),(234,'example234','example234@example.com','2015-04-16 12:21:23.329285','2015-04-16 12:21:23.329295'),(235,'example235','example235@example.com','2015-04-16 12:21:23.329307','2015-04-16 12:21:23.329317'),(236,'example236','example236@example.com','2015-04-16 12:21:23.329329','2015-04-16 12:21:23.329338'),(237,'example237','example237@example.com','2015-04-16 12:21:23.329351','2015-04-16 12:21:23.329360'),(238,'example238','example238@example.com','2015-04-16 12:21:23.329372','2015-04-16 12:21:23.329381'),(239,'example239','example239@example.com','2015-04-16 12:21:23.329394','2015-04-16 12:21:23.329403'),(240,'example240','example240@example.com','2015-04-16 12:21:23.329415','2015-04-16 12:21:23.329424'),(241,'example241','example241@example.com','2015-04-16 12:21:23.329437','2015-04-16 12:21:23.329446'),(242,'example242','example242@example.com','2015-04-16 12:21:23.329462','2015-04-16 12:21:23.329472'),(243,'example243','example243@example.com','2015-04-16 12:21:23.329485','2015-04-16 12:21:23.329494'),(244,'example244','example244@example.com','2015-04-16 12:21:23.329510','2015-04-16 12:21:23.329520'),(245,'example245','example245@example.com','2015-04-16 12:21:23.329532','2015-04-16 12:21:23.329541'),(246,'example246','example246@example.com','2015-04-16 12:21:23.329554','2015-04-16 12:21:23.329563'),(247,'example247','example247@example.com','2015-04-16 12:21:23.329575','2015-04-16 12:21:23.329584'),(248,'example248','example248@example.com','2015-04-16 12:21:23.329597','2015-04-16 12:21:23.329605'),(249,'example249','example249@example.com','2015-04-16 12:21:23.329618','2015-04-16 12:21:23.329627'),(250,'example250','example250@example.com','2015-04-16 12:21:23.329639','2015-04-16 12:21:23.329648'),(251,'example251','example251@example.com','2015-04-16 12:21:23.329660','2015-04-16 12:21:23.329669'),(252,'example252','example252@example.com','2015-04-16 12:21:23.329682','2015-04-16 12:21:23.329691'),(253,'example253','example253@example.com','2015-04-16 12:21:23.329703','2015-04-16 12:21:23.329712'),(254,'example254','example254@example.com','2015-04-16 12:21:23.329725','2015-04-16 12:21:23.329734'),(255,'example255','example255@example.com','2015-04-16 12:21:23.329746','2015-04-16 12:21:23.329755'),(256,'example256','example256@example.com','2015-04-16 12:21:23.329768','2015-04-16 12:21:23.329776'),(257,'example257','example257@example.com','2015-04-16 12:21:23.329789','2015-04-16 12:21:23.329798'),(258,'example258','example258@example.com','2015-04-16 12:21:23.329811','2015-04-16 12:21:23.329820'),(259,'example259','example259@example.com','2015-04-16 12:21:23.329832','2015-04-16 12:21:23.329841'),(260,'example260','example260@example.com','2015-04-16 12:21:23.329854','2015-04-16 12:21:23.329863'),(261,'example261','example261@example.com','2015-04-16 12:21:23.329888','2015-04-16 12:21:23.329899'),(262,'example262','example262@example.com','2015-04-16 12:21:23.329912','2015-04-16 12:21:23.329921'),(263,'example263','example263@example.com','2015-04-16 12:21:23.329934','2015-04-16 12:21:23.329943'),(264,'example264','example264@example.com','2015-04-16 12:21:23.329955','2015-04-16 12:21:23.329964'),(265,'example265','example265@example.com','2015-04-16 12:21:23.329977','2015-04-16 12:21:23.329986'),(266,'example266','example266@example.com','2015-04-16 12:21:23.329998','2015-04-16 12:21:23.330007'),(267,'example267','example267@example.com','2015-04-16 12:21:23.330020','2015-04-16 12:21:23.330029'),(268,'example268','example268@example.com','2015-04-16 12:21:23.330041','2015-04-16 12:21:23.330050'),(269,'example269','example269@example.com','2015-04-16 12:21:23.330062','2015-04-16 12:21:23.330072'),(270,'example270','example270@example.com','2015-04-16 12:21:23.330084','2015-04-16 12:21:23.330093'),(271,'example271','example271@example.com','2015-04-16 12:21:23.330106','2015-04-16 12:21:23.330115'),(272,'example272','example272@example.com','2015-04-16 12:21:23.330127','2015-04-16 12:21:23.330137'),(273,'example273','example273@example.com','2015-04-16 12:21:23.330149','2015-04-16 12:21:23.330158'),(274,'example274','example274@example.com','2015-04-16 12:21:23.330170','2015-04-16 12:21:23.330179'),(275,'example275','example275@example.com','2015-04-16 12:21:23.330191','2015-04-16 12:21:23.330200'),(276,'example276','example276@example.com','2015-04-16 12:21:23.330213','2015-04-16 12:21:23.330222'),(277,'example277','example277@example.com','2015-04-16 12:21:23.330234','2015-04-16 12:21:23.330243'),(278,'example278','example278@example.com','2015-04-16 12:21:23.330257','2015-04-16 12:21:23.330274'),(279,'example279','example279@example.com','2015-04-16 12:21:23.330298','2015-04-16 12:21:23.330309'),(280,'example280','example280@example.com','2015-04-16 12:21:23.330327','2015-04-16 12:21:23.330337'),(281,'example281','example281@example.com','2015-04-16 12:21:23.330350','2015-04-16 12:21:23.330359'),(282,'example282','example282@example.com','2015-04-16 12:21:23.330372','2015-04-16 12:21:23.330381'),(283,'example283','example283@example.com','2015-04-16 12:21:23.330394','2015-04-16 12:21:23.330403'),(284,'example284','example284@example.com','2015-04-16 12:21:23.330415','2015-04-16 12:21:23.330424'),(285,'example285','example285@example.com','2015-04-16 12:21:23.330437','2015-04-16 12:21:23.330446'),(286,'example286','example286@example.com','2015-04-16 12:21:23.330459','2015-04-16 12:21:23.330468'),(287,'example287','example287@example.com','2015-04-16 12:21:23.330484','2015-04-16 12:21:23.330494'),(288,'example288','example288@example.com','2015-04-16 12:21:23.330507','2015-04-16 12:21:23.330516'),(289,'example289','example289@example.com','2015-04-16 12:21:23.330528','2015-04-16 12:21:23.330537'),(290,'example290','example290@example.com','2015-04-16 12:21:23.330553','2015-04-16 12:21:23.330563'),(291,'example291','example291@example.com','2015-04-16 12:21:23.330576','2015-04-16 12:21:23.330585'),(292,'example292','example292@example.com','2015-04-16 12:21:23.330598','2015-04-16 12:21:23.330608'),(293,'example293','example293@example.com','2015-04-16 12:21:23.330624','2015-04-16 12:21:23.330634'),(294,'example294','example294@example.com','2015-04-16 12:21:23.330646','2015-04-16 12:21:23.330655'),(295,'example295','example295@example.com','2015-04-16 12:21:23.330668','2015-04-16 12:21:23.330677'),(296,'example296','example296@example.com','2015-04-16 12:21:23.330690','2015-04-16 12:21:23.330699'),(297,'example297','example297@example.com','2015-04-16 12:21:23.330711','2015-04-16 12:21:23.330721'),(298,'example298','example298@example.com','2015-04-16 12:21:23.330733','2015-04-16 12:21:23.330742'),(299,'example299','example299@example.com','2015-04-16 12:21:23.330754','2015-04-16 12:21:23.330763'),(300,'example300','example300@example.com','2015-04-16 12:21:23.330776','2015-04-16 12:21:23.330785'),(301,'example301','example301@example.com','2015-04-16 12:21:23.330797','2015-04-16 12:21:23.330806'),(302,'example302','example302@example.com','2015-04-16 12:21:23.330819','2015-04-16 12:21:23.330828'),(303,'example303','example303@example.com','2015-04-16 12:21:23.330841','2015-04-16 12:21:23.330850'),(304,'example304','example304@example.com','2015-04-16 12:21:23.330862','2015-04-16 12:21:23.330871'),(305,'example305','example305@example.com','2015-04-16 12:21:23.330896','2015-04-16 12:21:23.330906'),(306,'example306','example306@example.com','2015-04-16 12:21:23.330919','2015-04-16 12:21:23.330928'),(307,'example307','example307@example.com','2015-04-16 12:21:23.330941','2015-04-16 12:21:23.330950'),(308,'example308','example308@example.com','2015-04-16 12:21:23.330962','2015-04-16 12:21:23.330971'),(309,'example309','example309@example.com','2015-04-16 12:21:23.330984','2015-04-16 12:21:23.330993'),(310,'example310','example310@example.com','2015-04-16 12:21:23.331005','2015-04-16 12:21:23.331014'),(311,'example311','example311@example.com','2015-04-16 12:21:23.331033','2015-04-16 12:21:23.331043'),(312,'example312','example312@example.com','2015-04-16 12:21:23.331056','2015-04-16 12:21:23.331065'),(313,'example313','example313@example.com','2015-04-16 12:21:23.331077','2015-04-16 12:21:23.331086'),(314,'example314','example314@example.com','2015-04-16 12:21:23.331099','2015-04-16 12:21:23.331108'),(315,'example315','example315@example.com','2015-04-16 12:21:23.331120','2015-04-16 12:21:23.331129'),(316,'example316','example316@example.com','2015-04-16 12:21:23.331142','2015-04-16 12:21:23.331151'),(317,'example317','example317@example.com','2015-04-16 12:21:23.331163','2015-04-16 12:21:23.331172'),(318,'example318','example318@example.com','2015-04-16 12:21:23.331185','2015-04-16 12:21:23.331194'),(319,'example319','example319@example.com','2015-04-16 12:21:23.331206','2015-04-16 12:21:23.331215'),(320,'example320','example320@example.com','2015-04-16 12:21:23.331227','2015-04-16 12:21:23.331236'),(321,'example321','example321@example.com','2015-04-16 12:21:23.331249','2015-04-16 12:21:23.331258'),(322,'example322','example322@example.com','2015-04-16 12:21:23.331271','2015-04-16 12:21:23.331280'),(323,'example323','example323@example.com','2015-04-16 12:21:23.331292','2015-04-16 12:21:23.331301'),(324,'example324','example324@example.com','2015-04-16 12:21:23.331313','2015-04-16 12:21:23.331323'),(325,'example325','example325@example.com','2015-04-16 12:21:23.331335','2015-04-16 12:21:23.331344'),(326,'example326','example326@example.com','2015-04-16 12:21:23.331356','2015-04-16 12:21:23.331365'),(327,'example327','example327@example.com','2015-04-16 12:21:23.331378','2015-04-16 12:21:23.331387'),(328,'example328','example328@example.com','2015-04-16 12:21:23.331399','2015-04-16 12:21:23.331408'),(329,'example329','example329@example.com','2015-04-16 12:21:23.331421','2015-04-16 12:21:23.331430'),(330,'example330','example330@example.com','2015-04-16 12:21:23.331442','2015-04-16 12:21:23.331451'),(331,'example331','example331@example.com','2015-04-16 12:21:23.331464','2015-04-16 12:21:23.331473'),(332,'example332','example332@example.com','2015-04-16 12:21:23.331486','2015-04-16 12:21:23.331495'),(333,'example333','example333@example.com','2015-04-16 12:21:23.331507','2015-04-16 12:21:23.331516'),(334,'example334','example334@example.com','2015-04-16 12:21:23.331528','2015-04-16 12:21:23.331537'),(335,'example335','example335@example.com','2015-04-16 12:21:23.331550','2015-04-16 12:21:23.331559'),(336,'example336','example336@example.com','2015-04-16 12:21:23.331575','2015-04-16 12:21:23.331585'),(337,'example337','example337@example.com','2015-04-16 12:21:23.331598','2015-04-16 12:21:23.331607'),(338,'example338','example338@example.com','2015-04-16 12:21:23.331619','2015-04-16 12:21:23.331628'),(339,'example339','example339@example.com','2015-04-16 12:21:23.331640','2015-04-16 12:21:23.331650'),(340,'example340','example340@example.com','2015-04-16 12:21:23.331662','2015-04-16 12:21:23.331671'),(341,'example341','example341@example.com','2015-04-16 12:21:23.331683','2015-04-16 12:21:23.331692'),(342,'example342','example342@example.com','2015-04-16 12:21:23.331705','2015-04-16 12:21:23.331714'),(343,'example343','example343@example.com','2015-04-16 12:21:23.331731','2015-04-16 12:21:23.331740'),(344,'example344','example344@example.com','2015-04-16 12:21:23.331753','2015-04-16 12:21:23.331762'),(345,'example345','example345@example.com','2015-04-16 12:21:23.331774','2015-04-16 12:21:23.331783'),(346,'example346','example346@example.com','2015-04-16 12:21:23.331796','2015-04-16 12:21:23.331805'),(347,'example347','example347@example.com','2015-04-16 12:21:23.331817','2015-04-16 12:21:23.331827'),(348,'example348','example348@example.com','2015-04-16 12:21:23.331839','2015-04-16 12:21:23.331848'),(349,'example349','example349@example.com','2015-04-16 12:21:23.331860','2015-04-16 12:21:23.331869'),(350,'example350','example350@example.com','2015-04-16 12:21:23.331893','2015-04-16 12:21:23.331903'),(351,'example351','example351@example.com','2015-04-16 12:21:23.331916','2015-04-16 12:21:23.331925'),(352,'example352','example352@example.com','2015-04-16 12:21:23.331938','2015-04-16 12:21:23.331947'),(353,'example353','example353@example.com','2015-04-16 12:21:23.331959','2015-04-16 12:21:23.331968'),(354,'example354','example354@example.com','2015-04-16 12:21:23.331980','2015-04-16 12:21:23.331989'),(355,'example355','example355@example.com','2015-04-16 12:21:23.332002','2015-04-16 12:21:23.332011'),(356,'example356','example356@example.com','2015-04-16 12:21:23.332024','2015-04-16 12:21:23.332033'),(357,'example357','example357@example.com','2015-04-16 12:21:23.332045','2015-04-16 12:21:23.332055'),(358,'example358','example358@example.com','2015-04-16 12:21:23.332067','2015-04-16 12:21:23.332076'),(359,'example359','example359@example.com','2015-04-16 12:21:23.332089','2015-04-16 12:21:23.332098'),(360,'example360','example360@example.com','2015-04-16 12:21:23.332110','2015-04-16 12:21:23.332119'),(361,'example361','example361@example.com','2015-04-16 12:21:23.332132','2015-04-16 12:21:23.332141'),(362,'example362','example362@example.com','2015-04-16 12:21:23.332153','2015-04-16 12:21:23.332162'),(363,'example363','example363@example.com','2015-04-16 12:21:23.332175','2015-04-16 12:21:23.332184'),(364,'example364','example364@example.com','2015-04-16 12:21:23.332200','2015-04-16 12:21:23.332210'),(365,'example365','example365@example.com','2015-04-16 12:21:23.332222','2015-04-16 12:21:23.332231'),(366,'example366','example366@example.com','2015-04-16 12:21:23.332244','2015-04-16 12:21:23.332253'),(367,'example367','example367@example.com','2015-04-16 12:21:23.332265','2015-04-16 12:21:23.332274'),(368,'example368','example368@example.com','2015-04-16 12:21:23.332287','2015-04-16 12:21:23.332296'),(369,'example369','example369@example.com','2015-04-16 12:21:23.332308','2015-04-16 12:21:23.332317'),(370,'example370','example370@example.com','2015-04-16 12:21:23.332329','2015-04-16 12:21:23.332338'),(371,'example371','example371@example.com','2015-04-16 12:21:23.332351','2015-04-16 12:21:23.332360'),(372,'example372','example372@example.com','2015-04-16 12:21:23.332373','2015-04-16 12:21:23.332382'),(373,'example373','example373@example.com','2015-04-16 12:21:23.332394','2015-04-16 12:21:23.332403'),(374,'example374','example374@example.com','2015-04-16 12:21:23.332415','2015-04-16 12:21:23.332424'),(375,'example375','example375@example.com','2015-04-16 12:21:23.332436','2015-04-16 12:21:23.332446'),(376,'example376','example376@example.com','2015-04-16 12:21:23.332458','2015-04-16 12:21:23.332467'),(377,'example377','example377@example.com','2015-04-16 12:21:23.332480','2015-04-16 12:21:23.332489'),(378,'example378','example378@example.com','2015-04-16 12:21:23.332501','2015-04-16 12:21:23.332510'),(379,'example379','example379@example.com','2015-04-16 12:21:23.332523','2015-04-16 12:21:23.332532'),(380,'example380','example380@example.com','2015-04-16 12:21:23.332544','2015-04-16 12:21:23.332553'),(381,'example381','example381@example.com','2015-04-16 12:21:23.332565','2015-04-16 12:21:23.332574'),(382,'example382','example382@example.com','2015-04-16 12:21:23.332590','2015-04-16 12:21:23.332600'),(383,'example383','example383@example.com','2015-04-16 12:21:23.332613','2015-04-16 12:21:23.332622'),(384,'example384','example384@example.com','2015-04-16 12:21:23.332639','2015-04-16 12:21:23.332655'),(385,'example385','example385@example.com','2015-04-16 12:21:23.332681','2015-04-16 12:21:23.332695'),(386,'example386','example386@example.com','2015-04-16 12:21:23.332708','2015-04-16 12:21:23.332717'),(387,'example387','example387@example.com','2015-04-16 12:21:23.332730','2015-04-16 12:21:23.332739'),(388,'example388','example388@example.com','2015-04-16 12:21:23.332752','2015-04-16 12:21:23.332761'),(389,'example389','example389@example.com','2015-04-16 12:21:23.332773','2015-04-16 12:21:23.332782'),(390,'example390','example390@example.com','2015-04-16 12:21:23.332795','2015-04-16 12:21:23.332804'),(391,'example391','example391@example.com','2015-04-16 12:21:23.332816','2015-04-16 12:21:23.332825'),(392,'example392','example392@example.com','2015-04-16 12:21:23.332838','2015-04-16 12:21:23.332847'),(393,'example393','example393@example.com','2015-04-16 12:21:23.332859','2015-04-16 12:21:23.332868'),(394,'example394','example394@example.com','2015-04-16 12:21:23.332895','2015-04-16 12:21:23.332905'),(395,'example395','example395@example.com','2015-04-16 12:21:23.332918','2015-04-16 12:21:23.332927'),(396,'example396','example396@example.com','2015-04-16 12:21:23.332940','2015-04-16 12:21:23.332949'),(397,'example397','example397@example.com','2015-04-16 12:21:23.332961','2015-04-16 12:21:23.332970'),(398,'example398','example398@example.com','2015-04-16 12:21:23.332983','2015-04-16 12:21:23.332992'),(399,'example399','example399@example.com','2015-04-16 12:21:23.333004','2015-04-16 12:21:23.333013'),(400,'example400','example400@example.com','2015-04-16 12:21:23.333026','2015-04-16 12:21:23.333035'),(401,'example401','example401@example.com','2015-04-16 12:21:23.333047','2015-04-16 12:21:23.333056'),(402,'example402','example402@example.com','2015-04-16 12:21:23.333069','2015-04-16 12:21:23.333078'),(403,'example403','example403@example.com','2015-04-16 12:21:23.333090','2015-04-16 12:21:23.333099'),(404,'example404','example404@example.com','2015-04-16 12:21:23.333112','2015-04-16 12:21:23.333121'),(405,'example405','example405@example.com','2015-04-16 12:21:23.333134','2015-04-16 12:21:23.333143'),(406,'example406','example406@example.com','2015-04-16 12:21:23.333155','2015-04-16 12:21:23.333164'),(407,'example407','example407@example.com','2015-04-16 12:21:23.333177','2015-04-16 12:21:23.333186'),(408,'example408','example408@example.com','2015-04-16 12:21:23.333198','2015-04-16 12:21:23.333207'),(409,'example409','example409@example.com','2015-04-16 12:21:23.333220','2015-04-16 12:21:23.333229'),(410,'example410','example410@example.com','2015-04-16 12:21:23.333242','2015-04-16 12:21:23.333251'),(411,'example411','example411@example.com','2015-04-16 12:21:23.333263','2015-04-16 12:21:23.333272'),(412,'example412','example412@example.com','2015-04-16 12:21:23.333284','2015-04-16 12:21:23.333293'),(413,'example413','example413@example.com','2015-04-16 12:21:23.333312','2015-04-16 12:21:23.333323'),(414,'example414','example414@example.com','2015-04-16 12:21:23.333336','2015-04-16 12:21:23.333345'),(415,'example415','example415@example.com','2015-04-16 12:21:23.333357','2015-04-16 12:21:23.333366'),(416,'example416','example416@example.com','2015-04-16 12:21:23.333379','2015-04-16 12:21:23.333388'),(417,'example417','example417@example.com','2015-04-16 12:21:23.333400','2015-04-16 12:21:23.333410'),(418,'example418','example418@example.com','2015-04-16 12:21:23.333422','2015-04-16 12:21:23.333431'),(419,'example419','example419@example.com','2015-04-16 12:21:23.333444','2015-04-16 12:21:23.333453'),(420,'example420','example420@example.com','2015-04-16 12:21:23.333465','2015-04-16 12:21:23.333474'),(421,'example421','example421@example.com','2015-04-16 12:21:23.333487','2015-04-16 12:21:23.333496'),(422,'example422','example422@example.com','2015-04-16 12:21:23.333508','2015-04-16 12:21:23.333517'),(423,'example423','example423@example.com','2015-04-16 12:21:23.333530','2015-04-16 12:21:23.333539'),(424,'example424','example424@example.com','2015-04-16 12:21:23.333551','2015-04-16 12:21:23.333560'),(425,'example425','example425@example.com','2015-04-16 12:21:23.333573','2015-04-16 12:21:23.333582'),(426,'example426','example426@example.com','2015-04-16 12:21:23.333607','2015-04-16 12:21:23.333627'),(427,'example427','example427@example.com','2015-04-16 12:21:23.333641','2015-04-16 12:21:23.333650'),(428,'example428','example428@example.com','2015-04-16 12:21:23.333668','2015-04-16 12:21:23.333678'),(429,'example429','example429@example.com','2015-04-16 12:21:23.333691','2015-04-16 12:21:23.333700'),(430,'example430','example430@example.com','2015-04-16 12:21:23.333712','2015-04-16 12:21:23.333721'),(431,'example431','example431@example.com','2015-04-16 12:21:23.333775','2015-04-16 12:21:23.333791'),(432,'example432','example432@example.com','2015-04-16 12:21:23.333805','2015-04-16 12:21:23.333814'),(433,'example433','example433@example.com','2015-04-16 12:21:23.333827','2015-04-16 12:21:23.333836'),(434,'example434','example434@example.com','2015-04-16 12:21:23.333848','2015-04-16 12:21:23.333880'),(435,'example435','example435@example.com','2015-04-16 12:21:23.333908','2015-04-16 12:21:23.333928'),(436,'example436','example436@example.com','2015-04-16 12:21:23.333943','2015-04-16 12:21:23.333952'),(437,'example437','example437@example.com','2015-04-16 12:21:23.333965','2015-04-16 12:21:23.333974'),(438,'example438','example438@example.com','2015-04-16 12:21:23.333987','2015-04-16 12:21:23.333996'),(439,'example439','example439@example.com','2015-04-16 12:21:23.334008','2015-04-16 12:21:23.334018'),(440,'example440','example440@example.com','2015-04-16 12:21:23.334030','2015-04-16 12:21:23.334039'),(441,'example441','example441@example.com','2015-04-16 12:21:23.334052','2015-04-16 12:21:23.334061'),(442,'example442','example442@example.com','2015-04-16 12:21:23.334073','2015-04-16 12:21:23.334082'),(443,'example443','example443@example.com','2015-04-16 12:21:23.334095','2015-04-16 12:21:23.334104'),(444,'example444','example444@example.com','2015-04-16 12:21:23.334122','2015-04-16 12:21:23.334131'),(445,'example445','example445@example.com','2015-04-16 12:21:23.334144','2015-04-16 12:21:23.334153'),(446,'example446','example446@example.com','2015-04-16 12:21:23.334166','2015-04-16 12:21:23.334175'),(447,'example447','example447@example.com','2015-04-16 12:21:23.334188','2015-04-16 12:21:23.334197'),(448,'example448','example448@example.com','2015-04-16 12:21:23.334213','2015-04-16 12:21:23.334223'),(449,'example449','example449@example.com','2015-04-16 12:21:23.334236','2015-04-16 12:21:23.334245'),(450,'example450','example450@example.com','2015-04-16 12:21:23.334257','2015-04-16 12:21:23.334266'),(451,'example451','example451@example.com','2015-04-16 12:21:23.334279','2015-04-16 12:21:23.334288'),(452,'example452','example452@example.com','2015-04-16 12:21:23.334300','2015-04-16 12:21:23.334309'),(453,'example453','example453@example.com','2015-04-16 12:21:23.334321','2015-04-16 12:21:23.334330'),(454,'example454','example454@example.com','2015-04-16 12:21:23.334343','2015-04-16 12:21:23.334352'),(455,'example455','example455@example.com','2015-04-16 12:21:23.334364','2015-04-16 12:21:23.334373'),(456,'example456','example456@example.com','2015-04-16 12:21:23.334386','2015-04-16 12:21:23.334394'),(457,'example457','example457@example.com','2015-04-16 12:21:23.334407','2015-04-16 12:21:23.334416'),(458,'example458','example458@example.com','2015-04-16 12:21:23.334428','2015-04-16 12:21:23.334437'),(459,'example459','example459@example.com','2015-04-16 12:21:23.334450','2015-04-16 12:21:23.334458'),(460,'example460','example460@example.com','2015-04-16 12:21:23.334471','2015-04-16 12:21:23.334480'),(461,'example461','example461@example.com','2015-04-16 12:21:23.334492','2015-04-16 12:21:23.334502'),(462,'example462','example462@example.com','2015-04-16 12:21:23.334514','2015-04-16 12:21:23.334523'),(463,'example463','example463@example.com','2015-04-16 12:21:23.334535','2015-04-16 12:21:23.334544'),(464,'example464','example464@example.com','2015-04-16 12:21:23.334557','2015-04-16 12:21:23.334566'),(465,'example465','example465@example.com','2015-04-16 12:21:23.334578','2015-04-16 12:21:23.334587'),(466,'example466','example466@example.com','2015-04-16 12:21:23.334600','2015-04-16 12:21:23.334609'),(467,'example467','example467@example.com','2015-04-16 12:21:23.334621','2015-04-16 12:21:23.334630'),(468,'example468','example468@example.com','2015-04-16 12:21:23.334642','2015-04-16 12:21:23.334651'),(469,'example469','example469@example.com','2015-04-16 12:21:23.334664','2015-04-16 12:21:23.334673'),(470,'example470','example470@example.com','2015-04-16 12:21:23.334685','2015-04-16 12:21:23.334694'),(471,'example471','example471@example.com','2015-04-16 12:21:23.334706','2015-04-16 12:21:23.334715'),(472,'example472','example472@example.com','2015-04-16 12:21:23.334728','2015-04-16 12:21:23.334737'),(473,'example473','example473@example.com','2015-04-16 12:21:23.334749','2015-04-16 12:21:23.334758'),(474,'example474','example474@example.com','2015-04-16 12:21:23.334774','2015-04-16 12:21:23.334784'),(475,'example475','example475@example.com','2015-04-16 12:21:23.334797','2015-04-16 12:21:23.334806'),(476,'example476','example476@example.com','2015-04-16 12:21:23.334822','2015-04-16 12:21:23.334831'),(477,'example477','example477@example.com','2015-04-16 12:21:23.334844','2015-04-16 12:21:23.334853'),(478,'example478','example478@example.com','2015-04-16 12:21:23.334866','2015-04-16 12:21:23.334882'),(479,'example479','example479@example.com','2015-04-16 12:21:23.334896','2015-04-16 12:21:23.334905'),(480,'example480','example480@example.com','2015-04-16 12:21:23.334918','2015-04-16 12:21:23.334927'),(481,'example481','example481@example.com','2015-04-16 12:21:23.334939','2015-04-16 12:21:23.334948'),(482,'example482','example482@example.com','2015-04-16 12:21:23.334961','2015-04-16 12:21:23.334970'),(483,'example483','example483@example.com','2015-04-16 12:21:23.334983','2015-04-16 12:21:23.334992'),(484,'example484','example484@example.com','2015-04-16 12:21:23.335004','2015-04-16 12:21:23.335013'),(485,'example485','example485@example.com','2015-04-16 12:21:23.335025','2015-04-16 12:21:23.335034'),(486,'example486','example486@example.com','2015-04-16 12:21:23.335047','2015-04-16 12:21:23.335056'),(487,'example487','example487@example.com','2015-04-16 12:21:23.335068','2015-04-16 12:21:23.335077'),(488,'example488','example488@example.com','2015-04-16 12:21:23.335090','2015-04-16 12:21:23.335099'),(489,'example489','example489@example.com','2015-04-16 12:21:23.335111','2015-04-16 12:21:23.335120'),(490,'example490','example490@example.com','2015-04-16 12:21:23.335132','2015-04-16 12:21:23.335141'),(491,'example491','example491@example.com','2015-04-16 12:21:23.335154','2015-04-16 12:21:23.335163'),(492,'example492','example492@example.com','2015-04-16 12:21:23.335175','2015-04-16 12:21:23.335184'),(493,'example493','example493@example.com','2015-04-16 12:21:23.335196','2015-04-16 12:21:23.335205'),(494,'example494','example494@example.com','2015-04-16 12:21:23.335218','2015-04-16 12:21:23.335227'),(495,'example495','example495@example.com','2015-04-16 12:21:23.335243','2015-04-16 12:21:23.335253'),(496,'example496','example496@example.com','2015-04-16 12:21:23.335266','2015-04-16 12:21:23.335275'),(497,'example497','example497@example.com','2015-04-16 12:21:23.335287','2015-04-16 12:21:23.335297'),(498,'example498','example498@example.com','2015-04-16 12:21:23.335309','2015-04-16 12:21:23.335318'),(499,'example499','example499@example.com','2015-04-16 12:21:23.335331','2015-04-16 12:21:23.335339'),(500,'example500','example500@example.com','2015-04-16 12:21:23.335352','2015-04-16 12:21:23.335361'),(501,'example501','example501@example.com','2015-04-16 12:21:23.335373','2015-04-16 12:21:23.335382'),(502,'example502','example502@example.com','2015-04-16 12:21:23.335394','2015-04-16 12:21:23.335403'),(503,'example503','example503@example.com','2015-04-16 12:21:23.335416','2015-04-16 12:21:23.335425'),(504,'example504','example504@example.com','2015-04-16 12:21:23.335437','2015-04-16 12:21:23.335446'),(505,'example505','example505@example.com','2015-04-16 12:21:23.335459','2015-04-16 12:21:23.335468'),(506,'example506','example506@example.com','2015-04-16 12:21:23.335480','2015-04-16 12:21:23.335489'),(507,'example507','example507@example.com','2015-04-16 12:21:23.335501','2015-04-16 12:21:23.335510'),(508,'example508','example508@example.com','2015-04-16 12:21:23.335523','2015-04-16 12:21:23.335532'),(509,'example509','example509@example.com','2015-04-16 12:21:23.335544','2015-04-16 12:21:23.335553'),(510,'example510','example510@example.com','2015-04-16 12:21:23.335566','2015-04-16 12:21:23.335575'),(511,'example511','example511@example.com','2015-04-16 12:21:23.335587','2015-04-16 12:21:23.335596'),(512,'example512','example512@example.com','2015-04-16 12:21:23.335608','2015-04-16 12:21:23.335617'),(513,'example513','example513@example.com','2015-04-16 12:21:23.335630','2015-04-16 12:21:23.335639'),(514,'example514','example514@example.com','2015-04-16 12:21:23.335651','2015-04-16 12:21:23.335660'),(515,'example515','example515@example.com','2015-04-16 12:21:23.335673','2015-04-16 12:21:23.335682'),(516,'example516','example516@example.com','2015-04-16 12:21:23.335694','2015-04-16 12:21:23.335703'),(517,'example517','example517@example.com','2015-04-16 12:21:23.335716','2015-04-16 12:21:23.335725'),(518,'example518','example518@example.com','2015-04-16 12:21:23.335737','2015-04-16 12:21:23.335746'),(519,'example519','example519@example.com','2015-04-16 12:21:23.335759','2015-04-16 12:21:23.335768'),(520,'example520','example520@example.com','2015-04-16 12:21:23.335784','2015-04-16 12:21:23.335794'),(521,'example521','example521@example.com','2015-04-16 12:21:23.335806','2015-04-16 12:21:23.335815'),(522,'example522','example522@example.com','2015-04-16 12:21:23.335828','2015-04-16 12:21:23.335837'),(523,'example523','example523@example.com','2015-04-16 12:21:23.335849','2015-04-16 12:21:23.335858'),(524,'example524','example524@example.com','2015-04-16 12:21:23.335871','2015-04-16 12:21:23.335887'),(525,'example525','example525@example.com','2015-04-16 12:21:23.335900','2015-04-16 12:21:23.335909'),(526,'example526','example526@example.com','2015-04-16 12:21:23.335921','2015-04-16 12:21:23.335930'),(527,'example527','example527@example.com','2015-04-16 12:21:23.335942','2015-04-16 12:21:23.335951'),(528,'example528','example528@example.com','2015-04-16 12:21:23.335964','2015-04-16 12:21:23.335973'),(529,'example529','example529@example.com','2015-04-16 12:21:23.335986','2015-04-16 12:21:23.335995'),(530,'example530','example530@example.com','2015-04-16 12:21:23.336007','2015-04-16 12:21:23.336016'),(531,'example531','example531@example.com','2015-04-16 12:21:23.336029','2015-04-16 12:21:23.336038'),(532,'example532','example532@example.com','2015-04-16 12:21:23.336054','2015-04-16 12:21:23.336064'),(533,'example533','example533@example.com','2015-04-16 12:21:23.336076','2015-04-16 12:21:23.336085'),(534,'example534','example534@example.com','2015-04-16 12:21:23.336098','2015-04-16 12:21:23.336107'),(535,'example535','example535@example.com','2015-04-16 12:21:23.336119','2015-04-16 12:21:23.336128'),(536,'example536','example536@example.com','2015-04-16 12:21:23.336141','2015-04-16 12:21:23.336150'),(537,'example537','example537@example.com','2015-04-16 12:21:23.336162','2015-04-16 12:21:23.336172'),(538,'example538','example538@example.com','2015-04-16 12:21:23.336184','2015-04-16 12:21:23.336193'),(539,'example539','example539@example.com','2015-04-16 12:21:23.336209','2015-04-16 12:21:23.336219'),(540,'example540','example540@example.com','2015-04-16 12:21:23.336232','2015-04-16 12:21:23.336241'),(541,'example541','example541@example.com','2015-04-16 12:21:23.336253','2015-04-16 12:21:23.336262'),(542,'example542','example542@example.com','2015-04-16 12:21:23.336275','2015-04-16 12:21:23.336283'),(543,'example543','example543@example.com','2015-04-16 12:21:23.336296','2015-04-16 12:21:23.336305'),(544,'example544','example544@example.com','2015-04-16 12:21:23.336317','2015-04-16 12:21:23.336326'),(545,'example545','example545@example.com','2015-04-16 12:21:23.336343','2015-04-16 12:21:23.336352'),(546,'example546','example546@example.com','2015-04-16 12:21:23.336365','2015-04-16 12:21:23.336374'),(547,'example547','example547@example.com','2015-04-16 12:21:23.336387','2015-04-16 12:21:23.336395'),(548,'example548','example548@example.com','2015-04-16 12:21:23.336408','2015-04-16 12:21:23.336417'),(549,'example549','example549@example.com','2015-04-16 12:21:23.336429','2015-04-16 12:21:23.336438'),(550,'example550','example550@example.com','2015-04-16 12:21:23.336451','2015-04-16 12:21:23.336459'),(551,'example551','example551@example.com','2015-04-16 12:21:23.336472','2015-04-16 12:21:23.336481'),(552,'example552','example552@example.com','2015-04-16 12:21:23.336493','2015-04-16 12:21:23.336502'),(553,'example553','example553@example.com','2015-04-16 12:21:23.336514','2015-04-16 12:21:23.336523'),(554,'example554','example554@example.com','2015-04-16 12:21:23.336536','2015-04-16 12:21:23.336545'),(555,'example555','example555@example.com','2015-04-16 12:21:23.336558','2015-04-16 12:21:23.336567'),(556,'example556','example556@example.com','2015-04-16 12:21:23.336579','2015-04-16 12:21:23.336588'),(557,'example557','example557@example.com','2015-04-16 12:21:23.336600','2015-04-16 12:21:23.336609'),(558,'example558','example558@example.com','2015-04-16 12:21:23.336621','2015-04-16 12:21:23.336630'),(559,'example559','example559@example.com','2015-04-16 12:21:23.336643','2015-04-16 12:21:23.336652'),(560,'example560','example560@example.com','2015-04-16 12:21:23.336665','2015-04-16 12:21:23.336674'),(561,'example561','example561@example.com','2015-04-16 12:21:23.336686','2015-04-16 12:21:23.336695'),(562,'example562','example562@example.com','2015-04-16 12:21:23.336707','2015-04-16 12:21:23.336716'),(563,'example563','example563@example.com','2015-04-16 12:21:23.336729','2015-04-16 12:21:23.336738'),(564,'example564','example564@example.com','2015-04-16 12:21:23.336750','2015-04-16 12:21:23.336759'),(565,'example565','example565@example.com','2015-04-16 12:21:23.336772','2015-04-16 12:21:23.336781'),(566,'example566','example566@example.com','2015-04-16 12:21:23.336827','2015-04-16 12:21:23.336839'),(567,'example567','example567@example.com','2015-04-16 12:21:23.336865','2015-04-16 12:21:23.336882'),(568,'example568','example568@example.com','2015-04-16 12:21:23.336919','2015-04-16 12:21:23.336930'),(569,'example569','example569@example.com','2015-04-16 12:21:23.336953','2015-04-16 12:21:23.336964'),(570,'example570','example570@example.com','2015-04-16 12:21:23.336986','2015-04-16 12:21:23.336996'),(571,'example571','example571@example.com','2015-04-16 12:21:23.337018','2015-04-16 12:21:23.337028'),(572,'example572','example572@example.com','2015-04-16 12:21:23.337050','2015-04-16 12:21:23.337060'),(573,'example573','example573@example.com','2015-04-16 12:21:23.337082','2015-04-16 12:21:23.337092'),(574,'example574','example574@example.com','2015-04-16 12:21:23.337115','2015-04-16 12:21:23.337125'),(575,'example575','example575@example.com','2015-04-16 12:21:23.337147','2015-04-16 12:21:23.337157'),(576,'example576','example576@example.com','2015-04-16 12:21:23.337178','2015-04-16 12:21:23.337188'),(577,'example577','example577@example.com','2015-04-16 12:21:23.337210','2015-04-16 12:21:23.337220'),(578,'example578','example578@example.com','2015-04-16 12:21:23.337243','2015-04-16 12:21:23.337253'),(579,'example579','example579@example.com','2015-04-16 12:21:23.337275','2015-04-16 12:21:23.337285'),(580,'example580','example580@example.com','2015-04-16 12:21:23.337307','2015-04-16 12:21:23.337317'),(581,'example581','example581@example.com','2015-04-16 12:21:23.337339','2015-04-16 12:21:23.337349'),(582,'example582','example582@example.com','2015-04-16 12:21:23.337371','2015-04-16 12:21:23.337381'),(583,'example583','example583@example.com','2015-04-16 12:21:23.337403','2015-04-16 12:21:23.337413'),(584,'example584','example584@example.com','2015-04-16 12:21:23.337435','2015-04-16 12:21:23.337445'),(585,'example585','example585@example.com','2015-04-16 12:21:23.337467','2015-04-16 12:21:23.337477'),(586,'example586','example586@example.com','2015-04-16 12:21:23.337499','2015-04-16 12:21:23.337509'),(587,'example587','example587@example.com','2015-04-16 12:21:23.337531','2015-04-16 12:21:23.337541'),(588,'example588','example588@example.com','2015-04-16 12:21:23.337562','2015-04-16 12:21:23.337573'),(589,'example589','example589@example.com','2015-04-16 12:21:23.337595','2015-04-16 12:21:23.337605'),(590,'example590','example590@example.com','2015-04-16 12:21:23.337627','2015-04-16 12:21:23.337637'),(591,'example591','example591@example.com','2015-04-16 12:21:23.337658','2015-04-16 12:21:23.337668'),(592,'example592','example592@example.com','2015-04-16 12:21:23.337690','2015-04-16 12:21:23.337700'),(593,'example593','example593@example.com','2015-04-16 12:21:23.337722','2015-04-16 12:21:23.337732'),(594,'example594','example594@example.com','2015-04-16 12:21:23.337754','2015-04-16 12:21:23.337764'),(595,'example595','example595@example.com','2015-04-16 12:21:23.337786','2015-04-16 12:21:23.337797'),(596,'example596','example596@example.com','2015-04-16 12:21:23.337817','2015-04-16 12:21:23.337826'),(597,'example597','example597@example.com','2015-04-16 12:21:23.337838','2015-04-16 12:21:23.337847'),(598,'example598','example598@example.com','2015-04-16 12:21:23.337859','2015-04-16 12:21:23.337867'),(599,'example599','example599@example.com','2015-04-16 12:21:23.337885','2015-04-16 12:21:23.337895'),(600,'example600','example600@example.com','2015-04-16 12:21:23.337906','2015-04-16 12:21:23.337915'),(601,'example601','example601@example.com','2015-04-16 12:21:23.337926','2015-04-16 12:21:23.337935'),(602,'example602','example602@example.com','2015-04-16 12:21:23.337950','2015-04-16 12:21:23.337958'),(603,'example603','example603@example.com','2015-04-16 12:21:23.337970','2015-04-16 12:21:23.337979'),(604,'example604','example604@example.com','2015-04-16 12:21:23.337990','2015-04-16 12:21:23.337998'),(605,'example605','example605@example.com','2015-04-16 12:21:23.338010','2015-04-16 12:21:23.338018'),(606,'example606','example606@example.com','2015-04-16 12:21:23.338030','2015-04-16 12:21:23.338038'),(607,'example607','example607@example.com','2015-04-16 12:21:23.338049','2015-04-16 12:21:23.338058'),(608,'example608','example608@example.com','2015-04-16 12:21:23.338069','2015-04-16 12:21:23.338077'),(609,'example609','example609@example.com','2015-04-16 12:21:23.338089','2015-04-16 12:21:23.338097'),(610,'example610','example610@example.com','2015-04-16 12:21:23.338109','2015-04-16 12:21:23.338117'),(611,'example611','example611@example.com','2015-04-16 12:21:23.338129','2015-04-16 12:21:23.338137'),(612,'example612','example612@example.com','2015-04-16 12:21:23.338152','2015-04-16 12:21:23.338161'),(613,'example613','example613@example.com','2015-04-16 12:21:23.338173','2015-04-16 12:21:23.338181'),(614,'example614','example614@example.com','2015-04-16 12:21:23.338192','2015-04-16 12:21:23.338201'),(615,'example615','example615@example.com','2015-04-16 12:21:23.338212','2015-04-16 12:21:23.338221'),(616,'example616','example616@example.com','2015-04-16 12:21:23.338236','2015-04-16 12:21:23.338244'),(617,'example617','example617@example.com','2015-04-16 12:21:23.338256','2015-04-16 12:21:23.338265'),(618,'example618','example618@example.com','2015-04-16 12:21:23.338276','2015-04-16 12:21:23.338285'),(619,'example619','example619@example.com','2015-04-16 12:21:23.338296','2015-04-16 12:21:23.338304'),(620,'example620','example620@example.com','2015-04-16 12:21:23.338316','2015-04-16 12:21:23.338324'),(621,'example621','example621@example.com','2015-04-16 12:21:23.338336','2015-04-16 12:21:23.338344'),(622,'example622','example622@example.com','2015-04-16 12:21:23.338356','2015-04-16 12:21:23.338364'),(623,'example623','example623@example.com','2015-04-16 12:21:23.338375','2015-04-16 12:21:23.338383'),(624,'example624','example624@example.com','2015-04-16 12:21:23.338395','2015-04-16 12:21:23.338403'),(625,'example625','example625@example.com','2015-04-16 12:21:23.338415','2015-04-16 12:21:23.338423'),(626,'example626','example626@example.com','2015-04-16 12:21:23.338435','2015-04-16 12:21:23.338443'),(627,'example627','example627@example.com','2015-04-16 12:21:23.338455','2015-04-16 12:21:23.338463'),(628,'example628','example628@example.com','2015-04-16 12:21:23.338474','2015-04-16 12:21:23.338483'),(629,'example629','example629@example.com','2015-04-16 12:21:23.338494','2015-04-16 12:21:23.338503'),(630,'example630','example630@example.com','2015-04-16 12:21:23.338514','2015-04-16 12:21:23.338523'),(631,'example631','example631@example.com','2015-04-16 12:21:23.338534','2015-04-16 12:21:23.338543'),(632,'example632','example632@example.com','2015-04-16 12:21:23.338554','2015-04-16 12:21:23.338562'),(633,'example633','example633@example.com','2015-04-16 12:21:23.338574','2015-04-16 12:21:23.338582'),(634,'example634','example634@example.com','2015-04-16 12:21:23.338593','2015-04-16 12:21:23.338602'),(635,'example635','example635@example.com','2015-04-16 12:21:23.338613','2015-04-16 12:21:23.338622'),(636,'example636','example636@example.com','2015-04-16 12:21:23.338633','2015-04-16 12:21:23.338642'),(637,'example637','example637@example.com','2015-04-16 12:21:23.338653','2015-04-16 12:21:23.338662'),(638,'example638','example638@example.com','2015-04-16 12:21:23.338673','2015-04-16 12:21:23.338681'),(639,'example639','example639@example.com','2015-04-16 12:21:23.338693','2015-04-16 12:21:23.338701'),(640,'example640','example640@example.com','2015-04-16 12:21:23.338713','2015-04-16 12:21:23.338721'),(641,'example641','example641@example.com','2015-04-16 12:21:23.338732','2015-04-16 12:21:23.338741'),(642,'example642','example642@example.com','2015-04-16 12:21:23.338752','2015-04-16 12:21:23.338760'),(643,'example643','example643@example.com','2015-04-16 12:21:23.338771','2015-04-16 12:21:23.338780'),(644,'example644','example644@example.com','2015-04-16 12:21:23.338791','2015-04-16 12:21:23.338799'),(645,'example645','example645@example.com','2015-04-16 12:21:23.338811','2015-04-16 12:21:23.338820'),(646,'example646','example646@example.com','2015-04-16 12:21:23.338834','2015-04-16 12:21:23.338843'),(647,'example647','example647@example.com','2015-04-16 12:21:23.338855','2015-04-16 12:21:23.338864'),(648,'example648','example648@example.com','2015-04-16 12:21:23.338881','2015-04-16 12:21:23.338891'),(649,'example649','example649@example.com','2015-04-16 12:21:23.338902','2015-04-16 12:21:23.338911'),(650,'example650','example650@example.com','2015-04-16 12:21:23.338924','2015-04-16 12:21:23.338941'),(651,'example651','example651@example.com','2015-04-16 12:21:23.338965','2015-04-16 12:21:23.338989'),(652,'example652','example652@example.com','2015-04-16 12:21:23.339010','2015-04-16 12:21:23.339020'),(653,'example653','example653@example.com','2015-04-16 12:21:23.339032','2015-04-16 12:21:23.339040'),(654,'example654','example654@example.com','2015-04-16 12:21:23.339051','2015-04-16 12:21:23.339060'),(655,'example655','example655@example.com','2015-04-16 12:21:23.339072','2015-04-16 12:21:23.339080'),(656,'example656','example656@example.com','2015-04-16 12:21:23.339092','2015-04-16 12:21:23.339100'),(657,'example657','example657@example.com','2015-04-16 12:21:23.339112','2015-04-16 12:21:23.339121'),(658,'example658','example658@example.com','2015-04-16 12:21:23.339137','2015-04-16 12:21:23.339145'),(659,'example659','example659@example.com','2015-04-16 12:21:23.339157','2015-04-16 12:21:23.339166'),(660,'example660','example660@example.com','2015-04-16 12:21:23.339177','2015-04-16 12:21:23.339186'),(661,'example661','example661@example.com','2015-04-16 12:21:23.339198','2015-04-16 12:21:23.339206'),(662,'example662','example662@example.com','2015-04-16 12:21:23.339218','2015-04-16 12:21:23.339226'),(663,'example663','example663@example.com','2015-04-16 12:21:23.339238','2015-04-16 12:21:23.339246'),(664,'example664','example664@example.com','2015-04-16 12:21:23.339258','2015-04-16 12:21:23.339267'),(665,'example665','example665@example.com','2015-04-16 12:21:23.339282','2015-04-16 12:21:23.339291'),(666,'example666','example666@example.com','2015-04-16 12:21:23.339303','2015-04-16 12:21:23.339311'),(667,'example667','example667@example.com','2015-04-16 12:21:23.339323','2015-04-16 12:21:23.339331'),(668,'example668','example668@example.com','2015-04-16 12:21:23.339343','2015-04-16 12:21:23.339351'),(669,'example669','example669@example.com','2015-04-16 12:21:23.339363','2015-04-16 12:21:23.339371'),(670,'example670','example670@example.com','2015-04-16 12:21:23.339383','2015-04-16 12:21:23.339391'),(671,'example671','example671@example.com','2015-04-16 12:21:23.339403','2015-04-16 12:21:23.339411'),(672,'example672','example672@example.com','2015-04-16 12:21:23.339423','2015-04-16 12:21:23.339432'),(673,'example673','example673@example.com','2015-04-16 12:21:23.339443','2015-04-16 12:21:23.339451'),(674,'example674','example674@example.com','2015-04-16 12:21:23.339463','2015-04-16 12:21:23.339472'),(675,'example675','example675@example.com','2015-04-16 12:21:23.339484','2015-04-16 12:21:23.339492'),(676,'example676','example676@example.com','2015-04-16 12:21:23.339504','2015-04-16 12:21:23.339512'),(677,'example677','example677@example.com','2015-04-16 12:21:23.339523','2015-04-16 12:21:23.339532'),(678,'example678','example678@example.com','2015-04-16 12:21:23.339543','2015-04-16 12:21:23.339552'),(679,'example679','example679@example.com','2015-04-16 12:21:23.339564','2015-04-16 12:21:23.339572'),(680,'example680','example680@example.com','2015-04-16 12:21:23.339584','2015-04-16 12:21:23.339592'),(681,'example681','example681@example.com','2015-04-16 12:21:23.339604','2015-04-16 12:21:23.339613'),(682,'example682','example682@example.com','2015-04-16 12:21:23.339624','2015-04-16 12:21:23.339633'),(683,'example683','example683@example.com','2015-04-16 12:21:23.339644','2015-04-16 12:21:23.339652'),(684,'example684','example684@example.com','2015-04-16 12:21:23.339664','2015-04-16 12:21:23.339672'),(685,'example685','example685@example.com','2015-04-16 12:21:23.339684','2015-04-16 12:21:23.339692'),(686,'example686','example686@example.com','2015-04-16 12:21:23.339704','2015-04-16 12:21:23.339712'),(687,'example687','example687@example.com','2015-04-16 12:21:23.339723','2015-04-16 12:21:23.339732'),(688,'example688','example688@example.com','2015-04-16 12:21:23.339743','2015-04-16 12:21:23.339751'),(689,'example689','example689@example.com','2015-04-16 12:21:23.339763','2015-04-16 12:21:23.339771'),(690,'example690','example690@example.com','2015-04-16 12:21:23.339783','2015-04-16 12:21:23.339791'),(691,'example691','example691@example.com','2015-04-16 12:21:23.339802','2015-04-16 12:21:23.339811'),(692,'example692','example692@example.com','2015-04-16 12:21:23.339822','2015-04-16 12:21:23.339831'),(693,'example693','example693@example.com','2015-04-16 12:21:23.339842','2015-04-16 12:21:23.339851'),(694,'example694','example694@example.com','2015-04-16 12:21:23.339862','2015-04-16 12:21:23.339871'),(695,'example695','example695@example.com','2015-04-16 12:21:23.339895','2015-04-16 12:21:23.339904'),(696,'example696','example696@example.com','2015-04-16 12:21:23.339916','2015-04-16 12:21:23.339924'),(697,'example697','example697@example.com','2015-04-16 12:21:23.339939','2015-04-16 12:21:23.339948'),(698,'example698','example698@example.com','2015-04-16 12:21:23.339960','2015-04-16 12:21:23.339969'),(699,'example699','example699@example.com','2015-04-16 12:21:23.339980','2015-04-16 12:21:23.339989'),(700,'example700','example700@example.com','2015-04-16 12:21:23.340004','2015-04-16 12:21:23.340013'),(701,'example701','example701@example.com','2015-04-16 12:21:23.340025','2015-04-16 12:21:23.340033'),(702,'example702','example702@example.com','2015-04-16 12:21:23.340045','2015-04-16 12:21:23.340053'),(703,'example703','example703@example.com','2015-04-16 12:21:23.340065','2015-04-16 12:21:23.340073'),(704,'example704','example704@example.com','2015-04-16 12:21:23.340088','2015-04-16 12:21:23.340097'),(705,'example705','example705@example.com','2015-04-16 12:21:23.340109','2015-04-16 12:21:23.340118'),(706,'example706','example706@example.com','2015-04-16 12:21:23.340129','2015-04-16 12:21:23.340138'),(707,'example707','example707@example.com','2015-04-16 12:21:23.340149','2015-04-16 12:21:23.340157'),(708,'example708','example708@example.com','2015-04-16 12:21:23.340169','2015-04-16 12:21:23.340177'),(709,'example709','example709@example.com','2015-04-16 12:21:23.340189','2015-04-16 12:21:23.340197'),(710,'example710','example710@example.com','2015-04-16 12:21:23.340208','2015-04-16 12:21:23.340217'),(711,'example711','example711@example.com','2015-04-16 12:21:23.340228','2015-04-16 12:21:23.340237'),(712,'example712','example712@example.com','2015-04-16 12:21:23.340248','2015-04-16 12:21:23.340257'),(713,'example713','example713@example.com','2015-04-16 12:21:23.340268','2015-04-16 12:21:23.340277'),(714,'example714','example714@example.com','2015-04-16 12:21:23.340288','2015-04-16 12:21:23.340296'),(715,'example715','example715@example.com','2015-04-16 12:21:23.340308','2015-04-16 12:21:23.340316'),(716,'example716','example716@example.com','2015-04-16 12:21:23.340329','2015-04-16 12:21:23.340345'),(717,'example717','example717@example.com','2015-04-16 12:21:23.340367','2015-04-16 12:21:23.340392'),(718,'example718','example718@example.com','2015-04-16 12:21:23.340404','2015-04-16 12:21:23.340409'),(719,'example719','example719@example.com','2015-04-16 12:21:23.340431','2015-04-16 12:21:23.340440'),(720,'example720','example720@example.com','2015-04-16 12:21:23.340451','2015-04-16 12:21:23.340460'),(721,'example721','example721@example.com','2015-04-16 12:21:23.340472','2015-04-16 12:21:23.340480'),(722,'example722','example722@example.com','2015-04-16 12:21:23.340492','2015-04-16 12:21:23.340500'),(723,'example723','example723@example.com','2015-04-16 12:21:23.340512','2015-04-16 12:21:23.340520'),(724,'example724','example724@example.com','2015-04-16 12:21:23.340532','2015-04-16 12:21:23.340540'),(725,'example725','example725@example.com','2015-04-16 12:21:23.340552','2015-04-16 12:21:23.340560'),(726,'example726','example726@example.com','2015-04-16 12:21:23.340571','2015-04-16 12:21:23.340580'),(727,'example727','example727@example.com','2015-04-16 12:21:23.340591','2015-04-16 12:21:23.340600'),(728,'example728','example728@example.com','2015-04-16 12:21:23.340615','2015-04-16 12:21:23.340625'),(729,'example729','example729@example.com','2015-04-16 12:21:23.340636','2015-04-16 12:21:23.340645'),(730,'example730','example730@example.com','2015-04-16 12:21:23.340656','2015-04-16 12:21:23.340665'),(731,'example731','example731@example.com','2015-04-16 12:21:23.340676','2015-04-16 12:21:23.340685'),(732,'example732','example732@example.com','2015-04-16 12:21:23.340696','2015-04-16 12:21:23.340705'),(733,'example733','example733@example.com','2015-04-16 12:21:23.340716','2015-04-16 12:21:23.340724'),(734,'example734','example734@example.com','2015-04-16 12:21:23.340736','2015-04-16 12:21:23.340744'),(735,'example735','example735@example.com','2015-04-16 12:21:23.340756','2015-04-16 12:21:23.340764'),(736,'example736','example736@example.com','2015-04-16 12:21:23.340776','2015-04-16 12:21:23.340784'),(737,'example737','example737@example.com','2015-04-16 12:21:23.340796','2015-04-16 12:21:23.340804'),(738,'example738','example738@example.com','2015-04-16 12:21:23.340815','2015-04-16 12:21:23.340824'),(739,'example739','example739@example.com','2015-04-16 12:21:23.340835','2015-04-16 12:21:23.340843'),(740,'example740','example740@example.com','2015-04-16 12:21:23.340855','2015-04-16 12:21:23.340863'),(741,'example741','example741@example.com','2015-04-16 12:21:23.340882','2015-04-16 12:21:23.340892'),(742,'example742','example742@example.com','2015-04-16 12:21:23.340904','2015-04-16 12:21:23.340912'),(743,'example743','example743@example.com','2015-04-16 12:21:23.340924','2015-04-16 12:21:23.340932'),(744,'example744','example744@example.com','2015-04-16 12:21:23.340944','2015-04-16 12:21:23.340952'),(745,'example745','example745@example.com','2015-04-16 12:21:23.340964','2015-04-16 12:21:23.340973'),(746,'example746','example746@example.com','2015-04-16 12:21:23.340985','2015-04-16 12:21:23.340993'),(747,'example747','example747@example.com','2015-04-16 12:21:23.341009','2015-04-16 12:21:23.341018'),(748,'example748','example748@example.com','2015-04-16 12:21:23.341029','2015-04-16 12:21:23.341038'),(749,'example749','example749@example.com','2015-04-16 12:21:23.341049','2015-04-16 12:21:23.341058'),(750,'example750','example750@example.com','2015-04-16 12:21:23.341073','2015-04-16 12:21:23.341081'),(751,'example751','example751@example.com','2015-04-16 12:21:23.341093','2015-04-16 12:21:23.341102'),(752,'example752','example752@example.com','2015-04-16 12:21:23.341113','2015-04-16 12:21:23.341121'),(753,'example753','example753@example.com','2015-04-16 12:21:23.341133','2015-04-16 12:21:23.341141'),(754,'example754','example754@example.com','2015-04-16 12:21:23.341153','2015-04-16 12:21:23.341161'),(755,'example755','example755@example.com','2015-04-16 12:21:23.341173','2015-04-16 12:21:23.341182'),(756,'example756','example756@example.com','2015-04-16 12:21:23.341193','2015-04-16 12:21:23.341202'),(757,'example757','example757@example.com','2015-04-16 12:21:23.341213','2015-04-16 12:21:23.341222'),(758,'example758','example758@example.com','2015-04-16 12:21:23.341233','2015-04-16 12:21:23.341242'),(759,'example759','example759@example.com','2015-04-16 12:21:23.341253','2015-04-16 12:21:23.341262'),(760,'example760','example760@example.com','2015-04-16 12:21:23.341273','2015-04-16 12:21:23.341281'),(761,'example761','example761@example.com','2015-04-16 12:21:23.341293','2015-04-16 12:21:23.341302'),(762,'example762','example762@example.com','2015-04-16 12:21:23.341313','2015-04-16 12:21:23.341321'),(763,'example763','example763@example.com','2015-04-16 12:21:23.341333','2015-04-16 12:21:23.341341'),(764,'example764','example764@example.com','2015-04-16 12:21:23.341352','2015-04-16 12:21:23.341361'),(765,'example765','example765@example.com','2015-04-16 12:21:23.341372','2015-04-16 12:21:23.341381'),(766,'example766','example766@example.com','2015-04-16 12:21:23.341392','2015-04-16 12:21:23.341401'),(767,'example767','example767@example.com','2015-04-16 12:21:23.341412','2015-04-16 12:21:23.341420'),(768,'example768','example768@example.com','2015-04-16 12:21:23.341432','2015-04-16 12:21:23.341440'),(769,'example769','example769@example.com','2015-04-16 12:21:23.341451','2015-04-16 12:21:23.341460'),(770,'example770','example770@example.com','2015-04-16 12:21:23.341471','2015-04-16 12:21:23.341479'),(771,'example771','example771@example.com','2015-04-16 12:21:23.341491','2015-04-16 12:21:23.341499'),(772,'example772','example772@example.com','2015-04-16 12:21:23.341511','2015-04-16 12:21:23.341519'),(773,'example773','example773@example.com','2015-04-16 12:21:23.341531','2015-04-16 12:21:23.341539'),(774,'example774','example774@example.com','2015-04-16 12:21:23.341551','2015-04-16 12:21:23.341559'),(775,'example775','example775@example.com','2015-04-16 12:21:23.341570','2015-04-16 12:21:23.341579'),(776,'example776','example776@example.com','2015-04-16 12:21:23.341590','2015-04-16 12:21:23.341599'),(777,'example777','example777@example.com','2015-04-16 12:21:23.341610','2015-04-16 12:21:23.341619'),(778,'example778','example778@example.com','2015-04-16 12:21:23.341630','2015-04-16 12:21:23.341638'),(779,'example779','example779@example.com','2015-04-16 12:21:23.341650','2015-04-16 12:21:23.341658'),(780,'example780','example780@example.com','2015-04-16 12:21:23.341669','2015-04-16 12:21:23.341678'),(781,'example781','example781@example.com','2015-04-16 12:21:23.341690','2015-04-16 12:21:23.341698'),(782,'example782','example782@example.com','2015-04-16 12:21:23.341710','2015-04-16 12:21:23.341718'),(783,'example783','example783@example.com','2015-04-16 12:21:23.341729','2015-04-16 12:21:23.341738'),(784,'example784','example784@example.com','2015-04-16 12:21:23.341755','2015-04-16 12:21:23.341764'),(785,'example785','example785@example.com','2015-04-16 12:21:23.341776','2015-04-16 12:21:23.341784'),(786,'example786','example786@example.com','2015-04-16 12:21:23.341796','2015-04-16 12:21:23.341804'),(787,'example787','example787@example.com','2015-04-16 12:21:23.341816','2015-04-16 12:21:23.341824'),(788,'example788','example788@example.com','2015-04-16 12:21:23.341836','2015-04-16 12:21:23.341844'),(789,'example789','example789@example.com','2015-04-16 12:21:23.341856','2015-04-16 12:21:23.341864'),(790,'example790','example790@example.com','2015-04-16 12:21:23.341885','2015-04-16 12:21:23.341902'),(791,'example791','example791@example.com','2015-04-16 12:21:23.341929','2015-04-16 12:21:23.341951'),(792,'example792','example792@example.com','2015-04-16 12:21:23.341965','2015-04-16 12:21:23.341976'),(793,'example793','example793@example.com','2015-04-16 12:21:23.341985','2015-04-16 12:21:23.342003'),(794,'example794','example794@example.com','2015-04-16 12:21:23.342015','2015-04-16 12:21:23.342023'),(795,'example795','example795@example.com','2015-04-16 12:21:23.342035','2015-04-16 12:21:23.342043'),(796,'example796','example796@example.com','2015-04-16 12:21:23.342059','2015-04-16 12:21:23.342069'),(797,'example797','example797@example.com','2015-04-16 12:21:23.342081','2015-04-16 12:21:23.342089'),(798,'example798','example798@example.com','2015-04-16 12:21:23.342104','2015-04-16 12:21:23.342113'),(799,'example799','example799@example.com','2015-04-16 12:21:23.342125','2015-04-16 12:21:23.342133'),(800,'example800','example800@example.com','2015-04-16 12:21:23.342145','2015-04-16 12:21:23.342153'),(801,'example801','example801@example.com','2015-04-16 12:21:23.342165','2015-04-16 12:21:23.342174'),(802,'example802','example802@example.com','2015-04-16 12:21:23.342185','2015-04-16 12:21:23.342194'),(803,'example803','example803@example.com','2015-04-16 12:21:23.342205','2015-04-16 12:21:23.342214'),(804,'example804','example804@example.com','2015-04-16 12:21:23.342225','2015-04-16 12:21:23.342234'),(805,'example805','example805@example.com','2015-04-16 12:21:23.342245','2015-04-16 12:21:23.342254'),(806,'example806','example806@example.com','2015-04-16 12:21:23.342265','2015-04-16 12:21:23.342274'),(807,'example807','example807@example.com','2015-04-16 12:21:23.342286','2015-04-16 12:21:23.342294'),(808,'example808','example808@example.com','2015-04-16 12:21:23.342305','2015-04-16 12:21:23.342314'),(809,'example809','example809@example.com','2015-04-16 12:21:23.342325','2015-04-16 12:21:23.342334'),(810,'example810','example810@example.com','2015-04-16 12:21:23.342345','2015-04-16 12:21:23.342354'),(811,'example811','example811@example.com','2015-04-16 12:21:23.342365','2015-04-16 12:21:23.342374'),(812,'example812','example812@example.com','2015-04-16 12:21:23.342386','2015-04-16 12:21:23.342394'),(813,'example813','example813@example.com','2015-04-16 12:21:23.342406','2015-04-16 12:21:23.342414'),(814,'example814','example814@example.com','2015-04-16 12:21:23.342426','2015-04-16 12:21:23.342434'),(815,'example815','example815@example.com','2015-04-16 12:21:23.342446','2015-04-16 12:21:23.342454'),(816,'example816','example816@example.com','2015-04-16 12:21:23.342466','2015-04-16 12:21:23.342474'),(817,'example817','example817@example.com','2015-04-16 12:21:23.342486','2015-04-16 12:21:23.342494'),(818,'example818','example818@example.com','2015-04-16 12:21:23.342506','2015-04-16 12:21:23.342514'),(819,'example819','example819@example.com','2015-04-16 12:21:23.342525','2015-04-16 12:21:23.342534'),(820,'example820','example820@example.com','2015-04-16 12:21:23.342545','2015-04-16 12:21:23.342553'),(821,'example821','example821@example.com','2015-04-16 12:21:23.342565','2015-04-16 12:21:23.342573'),(822,'example822','example822@example.com','2015-04-16 12:21:23.342585','2015-04-16 12:21:23.342593'),(823,'example823','example823@example.com','2015-04-16 12:21:23.342605','2015-04-16 12:21:23.342613'),(824,'example824','example824@example.com','2015-04-16 12:21:23.342624','2015-04-16 12:21:23.342633'),(825,'example825','example825@example.com','2015-04-16 12:21:23.342644','2015-04-16 12:21:23.342652'),(826,'example826','example826@example.com','2015-04-16 12:21:23.342664','2015-04-16 12:21:23.342672'),(827,'example827','example827@example.com','2015-04-16 12:21:23.342684','2015-04-16 12:21:23.342693'),(828,'example828','example828@example.com','2015-04-16 12:21:23.342704','2015-04-16 12:21:23.342713'),(829,'example829','example829@example.com','2015-04-16 12:21:23.342734','2015-04-16 12:21:23.342751'),(830,'example830','example830@example.com','2015-04-16 12:21:23.342799','2015-04-16 12:21:23.342810'),(831,'example831','example831@example.com','2015-04-16 12:21:23.342822','2015-04-16 12:21:23.342830'),(832,'example832','example832@example.com','2015-04-16 12:21:23.342842','2015-04-16 12:21:23.342851'),(833,'example833','example833@example.com','2015-04-16 12:21:23.342862','2015-04-16 12:21:23.342870'),(834,'example834','example834@example.com','2015-04-16 12:21:23.342892','2015-04-16 12:21:23.342901'),(835,'example835','example835@example.com','2015-04-16 12:21:23.342912','2015-04-16 12:21:23.342921'),(836,'example836','example836@example.com','2015-04-16 12:21:23.342932','2015-04-16 12:21:23.342941'),(837,'example837','example837@example.com','2015-04-16 12:21:23.342952','2015-04-16 12:21:23.342961'),(838,'example838','example838@example.com','2015-04-16 12:21:23.342973','2015-04-16 12:21:23.342981'),(839,'example839','example839@example.com','2015-04-16 12:21:23.342993','2015-04-16 12:21:23.343001'),(840,'example840','example840@example.com','2015-04-16 12:21:23.343013','2015-04-16 12:21:23.343021'),(841,'example841','example841@example.com','2015-04-16 12:21:23.343033','2015-04-16 12:21:23.343042'),(842,'example842','example842@example.com','2015-04-16 12:21:23.343058','2015-04-16 12:21:23.343067'),(843,'example843','example843@example.com','2015-04-16 12:21:23.343079','2015-04-16 12:21:23.343087'),(844,'example844','example844@example.com','2015-04-16 12:21:23.343099','2015-04-16 12:21:23.343107'),(845,'example845','example845@example.com','2015-04-16 12:21:23.343119','2015-04-16 12:21:23.343127'),(846,'example846','example846@example.com','2015-04-16 12:21:23.343139','2015-04-16 12:21:23.343147'),(847,'example847','example847@example.com','2015-04-16 12:21:23.343159','2015-04-16 12:21:23.343167'),(848,'example848','example848@example.com','2015-04-16 12:21:23.343270','2015-04-16 12:21:23.343301'),(849,'example849','example849@example.com','2015-04-16 12:21:23.343314','2015-04-16 12:21:23.343324'),(850,'example850','example850@example.com','2015-04-16 12:21:23.343337','2015-04-16 12:21:23.343347'),(851,'example851','example851@example.com','2015-04-16 12:21:23.343360','2015-04-16 12:21:23.343370'),(852,'example852','example852@example.com','2015-04-16 12:21:23.343384','2015-04-16 12:21:23.343392'),(853,'example853','example853@example.com','2015-04-16 12:21:23.343414','2015-04-16 12:21:23.343425'),(854,'example854','example854@example.com','2015-04-16 12:21:23.343452','2015-04-16 12:21:23.343480'),(855,'example855','example855@example.com','2015-04-16 12:21:23.343493','2015-04-16 12:21:23.343502'),(856,'example856','example856@example.com','2015-04-16 12:21:23.343515','2015-04-16 12:21:23.343525'),(857,'example857','example857@example.com','2015-04-16 12:21:23.343537','2015-04-16 12:21:23.343547'),(858,'example858','example858@example.com','2015-04-16 12:21:23.343560','2015-04-16 12:21:23.343712'),(859,'example859','example859@example.com','2015-04-16 12:21:23.343733','2015-04-16 12:21:23.343743'),(860,'example860','example860@example.com','2015-04-16 12:21:23.343757','2015-04-16 12:21:23.343767'),(861,'example861','example861@example.com','2015-04-16 12:21:23.343780','2015-04-16 12:21:23.343790'),(862,'example862','example862@example.com','2015-04-16 12:21:23.343824','2015-04-16 12:21:23.343837'),(863,'example863','example863@example.com','2015-04-16 12:21:23.343851','2015-04-16 12:21:23.343861'),(864,'example864','example864@example.com','2015-04-16 12:21:23.343880','2015-04-16 12:21:23.343890'),(865,'example865','example865@example.com','2015-04-16 12:21:23.343904','2015-04-16 12:21:23.343913'),(866,'example866','example866@example.com','2015-04-16 12:21:23.343926','2015-04-16 12:21:23.343936'),(867,'example867','example867@example.com','2015-04-16 12:21:23.343949','2015-04-16 12:21:23.343958'),(868,'example868','example868@example.com','2015-04-16 12:21:23.343976','2015-04-16 12:21:23.343988'),(869,'example869','example869@example.com','2015-04-16 12:21:23.344003','2015-04-16 12:21:23.344013'),(870,'example870','example870@example.com','2015-04-16 12:21:23.344027','2015-04-16 12:21:23.344037'),(871,'example871','example871@example.com','2015-04-16 12:21:23.344051','2015-04-16 12:21:23.344061'),(872,'example872','example872@example.com','2015-04-16 12:21:23.344076','2015-04-16 12:21:23.344085'),(873,'example873','example873@example.com','2015-04-16 12:21:23.344097','2015-04-16 12:21:23.344106'),(874,'example874','example874@example.com','2015-04-16 12:21:23.344118','2015-04-16 12:21:23.344126'),(875,'example875','example875@example.com','2015-04-16 12:21:23.344137','2015-04-16 12:21:23.344145'),(876,'example876','example876@example.com','2015-04-16 12:21:23.344158','2015-04-16 12:21:23.344166'),(877,'example877','example877@example.com','2015-04-16 12:21:23.344179','2015-04-16 12:21:23.344189'),(878,'example878','example878@example.com','2015-04-16 12:21:23.344201','2015-04-16 12:21:23.344210'),(879,'example879','example879@example.com','2015-04-16 12:21:23.344223','2015-04-16 12:21:23.344232'),(880,'example880','example880@example.com','2015-04-16 12:21:23.344246','2015-04-16 12:21:23.344256'),(881,'example881','example881@example.com','2015-04-16 12:21:23.344269','2015-04-16 12:21:23.344278'),(882,'example882','example882@example.com','2015-04-16 12:21:23.344291','2015-04-16 12:21:23.344301'),(883,'example883','example883@example.com','2015-04-16 12:21:23.344315','2015-04-16 12:21:23.344326'),(884,'example884','example884@example.com','2015-04-16 12:21:23.344339','2015-04-16 12:21:23.344349'),(885,'example885','example885@example.com','2015-04-16 12:21:23.344361','2015-04-16 12:21:23.344369'),(886,'example886','example886@example.com','2015-04-16 12:21:23.344382','2015-04-16 12:21:23.344392'),(887,'example887','example887@example.com','2015-04-16 12:21:23.344406','2015-04-16 12:21:23.344416'),(888,'example888','example888@example.com','2015-04-16 12:21:23.344435','2015-04-16 12:21:23.344446'),(889,'example889','example889@example.com','2015-04-16 12:21:23.344461','2015-04-16 12:21:23.344467'),(890,'example890','example890@example.com','2015-04-16 12:21:23.344492','2015-04-16 12:21:23.344506'),(891,'example891','example891@example.com','2015-04-16 12:21:23.344527','2015-04-16 12:21:23.344557'),(892,'example892','example892@example.com','2015-04-16 12:21:23.344572','2015-04-16 12:21:23.344582'),(893,'example893','example893@example.com','2015-04-16 12:21:23.344594','2015-04-16 12:21:23.344603'),(894,'example894','example894@example.com','2015-04-16 12:21:23.344616','2015-04-16 12:21:23.344626'),(895,'example895','example895@example.com','2015-04-16 12:21:23.344641','2015-04-16 12:21:23.344651'),(896,'example896','example896@example.com','2015-04-16 12:21:23.344666','2015-04-16 12:21:23.344677'),(897,'example897','example897@example.com','2015-04-16 12:21:23.344691','2015-04-16 12:21:23.344698'),(898,'example898','example898@example.com','2015-04-16 12:21:23.344722','2015-04-16 12:21:23.344731'),(899,'example899','example899@example.com','2015-04-16 12:21:23.344749','2015-04-16 12:21:23.344758'),(900,'example900','example900@example.com','2015-04-16 12:21:23.344770','2015-04-16 12:21:23.344779'),(901,'example901','example901@example.com','2015-04-16 12:21:23.344790','2015-04-16 12:21:23.344798'),(902,'example902','example902@example.com','2015-04-16 12:21:23.344810','2015-04-16 12:21:23.344819'),(903,'example903','example903@example.com','2015-04-16 12:21:23.344830','2015-04-16 12:21:23.344839'),(904,'example904','example904@example.com','2015-04-16 12:21:23.344850','2015-04-16 12:21:23.344859'),(905,'example905','example905@example.com','2015-04-16 12:21:23.344870','2015-04-16 12:21:23.344889'),(906,'example906','example906@example.com','2015-04-16 12:21:23.344902','2015-04-16 12:21:23.344910'),(907,'example907','example907@example.com','2015-04-16 12:21:23.344929','2015-04-16 12:21:23.344946'),(908,'example908','example908@example.com','2015-04-16 12:21:23.344968','2015-04-16 12:21:23.344991'),(909,'example909','example909@example.com','2015-04-16 12:21:23.345005','2015-04-16 12:21:23.345015'),(910,'example910','example910@example.com','2015-04-16 12:21:23.345023','2015-04-16 12:21:23.345045'),(911,'example911','example911@example.com','2015-04-16 12:21:23.345057','2015-04-16 12:21:23.345065'),(912,'example912','example912@example.com','2015-04-16 12:21:23.345077','2015-04-16 12:21:23.345085'),(913,'example913','example913@example.com','2015-04-16 12:21:23.345097','2015-04-16 12:21:23.345105'),(914,'example914','example914@example.com','2015-04-16 12:21:23.345117','2015-04-16 12:21:23.345125'),(915,'example915','example915@example.com','2015-04-16 12:21:23.345137','2015-04-16 12:21:23.345145'),(916,'example916','example916@example.com','2015-04-16 12:21:23.345157','2015-04-16 12:21:23.345165'),(917,'example917','example917@example.com','2015-04-16 12:21:23.345181','2015-04-16 12:21:23.345191'),(918,'example918','example918@example.com','2015-04-16 12:21:23.345203','2015-04-16 12:21:23.345211'),(919,'example919','example919@example.com','2015-04-16 12:21:23.345223','2015-04-16 12:21:23.345231'),(920,'example920','example920@example.com','2015-04-16 12:21:23.345242','2015-04-16 12:21:23.345251'),(921,'example921','example921@example.com','2015-04-16 12:21:23.345262','2015-04-16 12:21:23.345271'),(922,'example922','example922@example.com','2015-04-16 12:21:23.345282','2015-04-16 12:21:23.345291'),(923,'example923','example923@example.com','2015-04-16 12:21:23.345303','2015-04-16 12:21:23.345311'),(924,'example924','example924@example.com','2015-04-16 12:21:23.345322','2015-04-16 12:21:23.345331'),(925,'example925','example925@example.com','2015-04-16 12:21:23.345342','2015-04-16 12:21:23.345350'),(926,'example926','example926@example.com','2015-04-16 12:21:23.345362','2015-04-16 12:21:23.345370'),(927,'example927','example927@example.com','2015-04-16 12:21:23.345382','2015-04-16 12:21:23.345390'),(928,'example928','example928@example.com','2015-04-16 12:21:23.345402','2015-04-16 12:21:23.345410'),(929,'example929','example929@example.com','2015-04-16 12:21:23.345422','2015-04-16 12:21:23.345430'),(930,'example930','example930@example.com','2015-04-16 12:21:23.345441','2015-04-16 12:21:23.345450'),(931,'example931','example931@example.com','2015-04-16 12:21:23.345462','2015-04-16 12:21:23.345470'),(932,'example932','example932@example.com','2015-04-16 12:21:23.345481','2015-04-16 12:21:23.345489'),(933,'example933','example933@example.com','2015-04-16 12:21:23.345501','2015-04-16 12:21:23.345509'),(934,'example934','example934@example.com','2015-04-16 12:21:23.345525','2015-04-16 12:21:23.345534'),(935,'example935','example935@example.com','2015-04-16 12:21:23.345545','2015-04-16 12:21:23.345554'),(936,'example936','example936@example.com','2015-04-16 12:21:23.345565','2015-04-16 12:21:23.345573'),(937,'example937','example937@example.com','2015-04-16 12:21:23.345585','2015-04-16 12:21:23.345593'),(938,'example938','example938@example.com','2015-04-16 12:21:23.345605','2015-04-16 12:21:23.345613'),(939,'example939','example939@example.com','2015-04-16 12:21:23.345625','2015-04-16 12:21:23.345633'),(940,'example940','example940@example.com','2015-04-16 12:21:23.345645','2015-04-16 12:21:23.345653'),(941,'example941','example941@example.com','2015-04-16 12:21:23.345665','2015-04-16 12:21:23.345673'),(942,'example942','example942@example.com','2015-04-16 12:21:23.345684','2015-04-16 12:21:23.345693'),(943,'example943','example943@example.com','2015-04-16 12:21:23.345705','2015-04-16 12:21:23.345713'),(944,'example944','example944@example.com','2015-04-16 12:21:23.345724','2015-04-16 12:21:23.345733'),(945,'example945','example945@example.com','2015-04-16 12:21:23.345744','2015-04-16 12:21:23.345752'),(946,'example946','example946@example.com','2015-04-16 12:21:23.345764','2015-04-16 12:21:23.345772'),(947,'example947','example947@example.com','2015-04-16 12:21:23.345784','2015-04-16 12:21:23.345792'),(948,'example948','example948@example.com','2015-04-16 12:21:23.345804','2015-04-16 12:21:23.345812'),(949,'example949','example949@example.com','2015-04-16 12:21:23.345827','2015-04-16 12:21:23.345836'),(950,'example950','example950@example.com','2015-04-16 12:21:23.345848','2015-04-16 12:21:23.345856'),(951,'example951','example951@example.com','2015-04-16 12:21:23.345868','2015-04-16 12:21:23.345885'),(952,'example952','example952@example.com','2015-04-16 12:21:23.345901','2015-04-16 12:21:23.345910'),(953,'example953','example953@example.com','2015-04-16 12:21:23.345923','2015-04-16 12:21:23.345931'),(954,'example954','example954@example.com','2015-04-16 12:21:23.345943','2015-04-16 12:21:23.345951'),(955,'example955','example955@example.com','2015-04-16 12:21:23.345962','2015-04-16 12:21:23.345971'),(956,'example956','example956@example.com','2015-04-16 12:21:23.345982','2015-04-16 12:21:23.345991'),(957,'example957','example957@example.com','2015-04-16 12:21:23.346002','2015-04-16 12:21:23.346010'),(958,'example958','example958@example.com','2015-04-16 12:21:23.346022','2015-04-16 12:21:23.346030'),(959,'example959','example959@example.com','2015-04-16 12:21:23.346042','2015-04-16 12:21:23.346050'),(960,'example960','example960@example.com','2015-04-16 12:21:23.346062','2015-04-16 12:21:23.346070'),(961,'example961','example961@example.com','2015-04-16 12:21:23.346082','2015-04-16 12:21:23.346090'),(962,'example962','example962@example.com','2015-04-16 12:21:23.346102','2015-04-16 12:21:23.346110'),(963,'example963','example963@example.com','2015-04-16 12:21:23.346122','2015-04-16 12:21:23.346130'),(964,'example964','example964@example.com','2015-04-16 12:21:23.346142','2015-04-16 12:21:23.346150'),(965,'example965','example965@example.com','2015-04-16 12:21:23.346161','2015-04-16 12:21:23.346170'),(966,'example966','example966@example.com','2015-04-16 12:21:23.346181','2015-04-16 12:21:23.346190'),(967,'example967','example967@example.com','2015-04-16 12:21:23.346201','2015-04-16 12:21:23.346210'),(968,'example968','example968@example.com','2015-04-16 12:21:23.346221','2015-04-16 12:21:23.346230'),(969,'example969','example969@example.com','2015-04-16 12:21:23.346241','2015-04-16 12:21:23.346249'),(970,'example970','example970@example.com','2015-04-16 12:21:23.346261','2015-04-16 12:21:23.346269'),(971,'example971','example971@example.com','2015-04-16 12:21:23.346281','2015-04-16 12:21:23.346289'),(972,'example972','example972@example.com','2015-04-16 12:21:23.346301','2015-04-16 12:21:23.346309'),(973,'example973','example973@example.com','2015-04-16 12:21:23.346321','2015-04-16 12:21:23.346329'),(974,'example974','example974@example.com','2015-04-16 12:21:23.346341','2015-04-16 12:21:23.346349'),(975,'example975','example975@example.com','2015-04-16 12:21:23.346360','2015-04-16 12:21:23.346369'),(976,'example976','example976@example.com','2015-04-16 12:21:23.346380','2015-04-16 12:21:23.346389'),(977,'example977','example977@example.com','2015-04-16 12:21:23.346400','2015-04-16 12:21:23.346408'),(978,'example978','example978@example.com','2015-04-16 12:21:23.346420','2015-04-16 12:21:23.346428'),(979,'example979','example979@example.com','2015-04-16 12:21:23.346440','2015-04-16 12:21:23.346448'),(980,'example980','example980@example.com','2015-04-16 12:21:23.346468','2015-04-16 12:21:23.346477'),(981,'example981','example981@example.com','2015-04-16 12:21:23.346489','2015-04-16 12:21:23.346498'),(982,'example982','example982@example.com','2015-04-16 12:21:23.346509','2015-04-16 12:21:23.346517'),(983,'example983','example983@example.com','2015-04-16 12:21:23.346529','2015-04-16 12:21:23.346538'),(984,'example984','example984@example.com','2015-04-16 12:21:23.346549','2015-04-16 12:21:23.346557'),(985,'example985','example985@example.com','2015-04-16 12:21:23.346569','2015-04-16 12:21:23.346577'),(986,'example986','example986@example.com','2015-04-16 12:21:23.346589','2015-04-16 12:21:23.346597'),(987,'example987','example987@example.com','2015-04-16 12:21:23.346608','2015-04-16 12:21:23.346617'),(988,'example988','example988@example.com','2015-04-16 12:21:23.346628','2015-04-16 12:21:23.346637'),(989,'example989','example989@example.com','2015-04-16 12:21:23.346648','2015-04-16 12:21:23.346656'),(990,'example990','example990@example.com','2015-04-16 12:21:23.346668','2015-04-16 12:21:23.346676'),(991,'example991','example991@example.com','2015-04-16 12:21:23.346687','2015-04-16 12:21:23.346696'),(992,'example992','example992@example.com','2015-04-16 12:21:23.346708','2015-04-16 12:21:23.346716'),(993,'example993','example993@example.com','2015-04-16 12:21:23.346728','2015-04-16 12:21:23.346736'),(994,'example994','example994@example.com','2015-04-16 12:21:23.346748','2015-04-16 12:21:23.346756'),(995,'example995','example995@example.com','2015-04-16 12:21:23.346767','2015-04-16 12:21:23.346776'),(996,'example996','example996@example.com','2015-04-16 12:21:23.346787','2015-04-16 12:21:23.346795'),(997,'example997','example997@example.com','2015-04-16 12:21:23.346807','2015-04-16 12:21:23.346815'),(998,'example998','example998@example.com','2015-04-16 12:21:23.346827','2015-04-16 12:21:23.346835'),(999,'example999','example999@example.com','2015-04-16 12:21:23.346847','2015-04-16 12:21:23.346855'),(1000,'example1000','example1000@example.com','2015-04-16 12:21:23.346870','2015-04-16 12:21:23.346885');
/*!40000 ALTER TABLE `platzi_users_platziuser` ENABLE KEYS */;
UNLOCK TABLES;

--
-- Table structure for table `tokens_custom16token`
--

DROP TABLE IF EXISTS `tokens_custom16token`;
/*!40101 SET @saved_cs_client     = @@character_set_client */;
/*!40101 SET character_set_client = utf8 */;
CREATE TABLE `tokens_custom16token` (
  `key` varchar(40) NOT NULL,
  `user_id` int(11) NOT NULL,
  `created` datetime(6) NOT NULL,
  PRIMARY KEY (`key`),
  UNIQUE KEY `user_id` (`user_id`),
  CONSTRAINT `tokens_custom16token_user_id_2e2bb52f46a368dd_fk_auth_user_id` FOREIGN KEY (`user_id`) REFERENCES `auth_user` (`id`)
) ENGINE=InnoDB DEFAULT CHARSET=latin1;
/*!40101 SET character_set_client = @saved_cs_client */;

--
-- Dumping data for table `tokens_custom16token`
--

LOCK TABLES `tokens_custom16token` WRITE;
/*!40000 ALTER TABLE `tokens_custom16token` DISABLE KEYS */;
INSERT INTO `tokens_custom16token` VALUES ('7c2dac74c19ddcf3',5,'2015-08-17 03:39:30.733294');
/*!40000 ALTER TABLE `tokens_custom16token` ENABLE KEYS */;
UNLOCK TABLES;
/*!40103 SET TIME_ZONE=@OLD_TIME_ZONE */;

/*!40101 SET SQL_MODE=@OLD_SQL_MODE */;
/*!40014 SET FOREIGN_KEY_CHECKS=@OLD_FOREIGN_KEY_CHECKS */;
/*!40014 SET UNIQUE_CHECKS=@OLD_UNIQUE_CHECKS */;
/*!40101 SET CHARACTER_SET_CLIENT=@OLD_CHARACTER_SET_CLIENT */;
/*!40101 SET CHARACTER_SET_RESULTS=@OLD_CHARACTER_SET_RESULTS */;
/*!40101 SET COLLATION_CONNECTION=@OLD_COLLATION_CONNECTION */;
/*!40111 SET SQL_NOTES=@OLD_SQL_NOTES */;

-- Dump completed on 2015-08-17  0:22:16
